1	0	ΤΟΙΣ	DET	S-	Case=Dat|Definite=Def|Gender=Masc,Neut|Number=Plur|PronType=Dem	ΤΟΙΣ	det	2
1	1	ΕΠΤΑ	NUM	Ma		ΕΠΤΑ	nummod	2
1	2	ΦΩΝΗΕΣΙΝ	NOUN	Nb	Case=Dat|Gender=Masc|Number=Plur	ΦΩΝΗΕΣΙΝ	ROOT	2
1	3	ΔΙΚΗ	NOUN	Nb	Case=Nom|Gender=Fem|Number=Sing	ΔΙΚΗ	ROOT	3
1	4	ΣΥΜΦΩΝΩΝ	NOUN	Nb	Case=Gen|Gender=Neut|Number=Plur	ΣΥΜΦΩΝΩΝ	nmod	3
1	5	ΤΟΥ	DET	S-	Case=Gen|Definite=Def|Gender=Neut|Number=Sing|PronType=Dem	ΤΟΥ	det	6
1	6	ΣΙΓΜΑ	NOUN	Nb		ΣΙΓΜΑ	nmod	4
1	7	ΠΡΟΣ	ADP	R-		ΠΡΟΣ	case	9
1	8	ΤΟ	DET	S-	Case=Acc|Definite=Def|Gender=Neut|Number=Sing|PronType=Dem	ΤΟ	det	9
1	9	ΤΑΥ	NOUN	Ne		ΤΑΥ	nmod	3
1	10	ΥΠΟ	ADP	R-		ΥΠΟ	case	13
1	11	ΤΟΙΣ	DET	S-	Case=Dat|Definite=Def|Gender=Masc,Neut|Number=Plur|PronType=Dem	ΤΟΙΣ	det	13
1	12	ΕΠΤΑ	NUM	Ma		ΕΠΤΑ	nummod	13
1	13	ΦΩΝΗΕΣΙΝ	NOUN	Nb	Case=Dat|Gender=Masc|Number=Plur	ΦΩΝΗΕΣΙΝ	nmod	3
1	14	So	ADP	V-		So	acl	3
1	15	in	ADJ	S-	Case=Gen|Degree=Pos|Gender=Fem|Number=Sing	in	dep	3
1	16	Γ	PROPN	Ne		Γ	acl	3
1	17	:	CCONJ	C-		:	ROOT	17
1	18	ΔΙΚΗ	NOUN	Nb	Case=Nom|Gender=Fem|Number=Sing	ΔΙΚΗ	ROOT	18
1	19	ΦΩΝΗΕΝΤΩΝ	NOUN	Nb	Case=Gen|Gender=Neut|Number=Plur	ΦΩΝΗΕΝΤΩΝ	nmod	18
1	20	vulg.	PUNCT	Z		vulg.	punct	18
1	21	[	PUNCT	C-		[	ROOT	21
1	22	Ἐπὶ	ADP	R-		ἐπί	case	23
1	23	ἄρχοντος	NOUN	Nb	Case=Gen|Gender=Masc|Number=Sing	ἄρχων	nmod	21
1	24	Ἀριστάρχου	PROPN	Ne	Case=Gen|Gender=Masc|Number=Sing	Ἀρίσταρχος	nmod	23
1	25	Φαληρέως	PROPN	Ne	Case=Gen|Gender=Masc|Number=Sing	Φαληρεύς	appos	23
1	26	,	PUNCT	Z		,	appos	23
1	27	Πυανεψιῶνος	PROPN	Ne	Case=Gen|Gender=Masc|Number=Sing	Πυανοψιών	nmod	23
1	28	ἑβδόμῃ	ADJ	Mo	Case=Dat|Gender=Fem|Number=Sing	ἕβδομος	xcomp	29
1	29	ἱσταμένου	VERB	V-	Case=Gen|Gender=Masc|Number=Sing|Tense=Pres|VerbForm=Part|Voice=Mid	ἵστημι	acl	23
1	30	,	PUNCT	Z		,	punct	21
1	31	γραφὴν	NOUN	Nb	Case=Acc|Gender=Fem|Number=Sing	γραφή	obj	32
1	32	ἔθετο	VERB	V-	Aspect=Perf|Mood=Ind|Number=Sing|Person=3|Tense=Past|VerbForm=Fin|Voice=Mid	τίθημι	ROOT	32
1	33	τὸ	DET	S-	Case=Acc|Definite=Def|Gender=Neut|Number=Sing|PronType=Dem	ὁ	det	34
1	34	Σῖγμα	NOUN	Nb		Σῖγμα	obj	32
1	35	πρὸς	ADP	R-		πρός	case	37
1	36	τὸ	DET	S-	Case=Acc|Definite=Def|Gender=Neut|Number=Sing|PronType=Dem	ὁ	det	37
1	37	Ταῦ	NOUN	Ne		Ταῦ	obl	32
1	38	ἐπὶ	ADP	R-		ἐπί	case	41
1	39	τῶν	DET	S-	Case=Gen|Definite=Def|Number=Plur|PronType=Dem	ὁ	det	41
1	40	ἑπτὰ	NUM	Ma		ἑπτά	nummod	41
1	41	Φωνηέντων	NOUN	Nb	Case=Gen|Gender=Neut|Number=Plur	Φωνηέντων	nmod	31
1	42	βίας	NOUN	Nb	Case=Gen|Gender=Fem|Number=Sing	βία	obl	32
1	43	καὶ	CCONJ	C-		καί	cc	42
1	44	ὑπαρχόντων	VERB	V-	Case=Gen|Gender=Neut|Number=Plur|Tense=Pres|VerbForm=Part|Voice=Act	ὑπάρχω	conj	42
1	45	ἁρπαγῆς	NOUN	Nb	Case=Gen|Gender=Fem|Number=Sing	ἁρπαγή	obl	44
1	46	,	PUNCT	Z		,	advcl	32
1	47	ἀφῃρῆσθαι	VERB	V-	Aspect=Perf|Tense=Past|VerbForm=Inf|Voice=Pass	ἀφαιρέω	ccomp	48
1	48	λέγον	VERB	V-	Case=Nom|Gender=Neut|Number=Sing|Tense=Pres|VerbForm=Part|Voice=Act	λέγω	ROOT	48
1	49	πάντων	DET	Px	Case=Gen|Gender=Neut|Number=Plur	πᾶς	det	53
1	50	τῶν	DET	S-	Case=Gen|Definite=Def|Number=Plur|PronType=Dem	ὁ	det	53
1	51	ἐν	ADP	R-		ἐν	case	52
1	52	διπλῷ	ADJ	A-	Case=Dat|Degree=Pos|Gender=Neut|Number=Sing	διπλόος	amod	53
1	53	ταῦ	PROPN	Ne	Case=Acc|Gender=Neut|Number=Plur	ταῦ	obl	54
1	54	ἐκφερομένων	VERB	V-	Case=Gen|Gender=Neut|Number=Plur|Tense=Pres|VerbForm=Part|Voice=Pass	ἐκφέρω	ccomp	48
1	55	.	PUNCT	Z		.	punct	48
1	56	]	CCONJ	Z		]	ROOT	56
1	57	Ἐπὶ	ADP	R-		ἐπί	case	58
1	58	...	PUNCT	Z		...	ROOT	58
1	59	ἐκφερομένων	VERB	V-	Case=Gen|Gender=Neut|Number=Plur|Tense=Pres|VerbForm=Part|Voice=Pass	ἐκφέρω	ROOT	59
1	60	Wanting	ADP	R-		Wanting	advcl	59
1	61	in	ADP	S-		in	csubj:pass	59
1	62	Γ	PROPN	Ne		Γ	fixed	61
1	63	.	PUNCT	Z		.	punct	59
2	0	 	CCONJ	V-		 	advcl	25
2	1	Μέχρι	SCONJ	G-		μέχρι	dep	3
2	2	μέν	ADV	Df		μέν	discourse	3
2	3	,	PUNCT	Z		,	advcl	25
2	4	ὦ	INTJ	I-		ὦ	discourse	6
2	5	Φωνήεντα	ADJ	A-	Case=Voc|Degree=Pos|Gender=Fem|Number=Sing	Φωνήεις	amod	6
2	6	δικασταί	NOUN	Nb	Case=Voc|Gender=Masc|Number=Plur	δικαστής	vocative	3
2	7	,	PUNCT	Z		,	advmod	25
2	8	ὀλίγα	ADJ	A-	Case=Acc|Degree=Pos|Gender=Neut|Number=Plur	ὀλίγος	advmod	9
2	9	ἠδικούμην	VERB	V-	Aspect=Imp|Mood=Ind|Number=Sing|Person=1|Tense=Past|VerbForm=Fin|Voice=Mid	ἀδικέω	advcl	25
2	10	ὑπὸ	ADP	R-		ὑπό	case	13
2	11	τουτουὶ	DET	Pd	Case=Gen|Gender=Masc|Number=Sing	οὗτος	det	13
2	12	τοῦ	DET	S-	Case=Gen|Definite=Def|Gender=Neut|Number=Sing|PronType=Dem	ὁ	det	13
2	13	Ταῦ	NOUN	Ne		Ταῦς	obl:agent	9
2	14	καταχρωμένου	VERB	V-	Case=Gen|Gender=Masc|Number=Sing|Tense=Pres|VerbForm=Part|Voice=Pass	καταχρωμένω	advcl	9
2	15	τοῖς	DET	S-	Case=Dat|Definite=Def|Gender=Neut|Number=Plur|PronType=Dem	ὁ	det	16
2	16	ἐμοῖς	ADJ	Ps	Case=Dat|Gender=Neut|Number=Plur|Person=1|Poss=Yes	ἐμός	iobj	14
2	17	καὶ	CCONJ	C-		καί	cc	14
2	18	καταίροντος	VERB	V-	Case=Gen|Gender=Masc|Number=Sing|Tense=Pres|VerbForm=Part|Voice=Act	καταίροντος	conj	14
2	19	ἔνθα	ADV	Dq	PronType=Rel	ἔνθα	advmod	21
2	20	μὴ	ADV	Df	Polarity=Neg	μή	advmod	21
2	21	δεῖ	VERB	V-	Mood=Ind|Number=Sing|Person=3|Tense=Pres|VerbForm=Fin|Voice=Act	δεῖ	advcl	18
2	22	,	PUNCT	Z		,	punct	9
2	23	οὐ	ADV	Df	Polarity=Neg	οὐ	advmod	25
2	24	βαρέως	ADV	Df	Degree=Pos	βαρέως	advmod	25
2	25	ἔφερον	VERB	V-	Aspect=Imp|Mood=Ind|Number=Sing|Person=1|Tense=Past|VerbForm=Fin|Voice=Act	φέρω	ROOT	25
2	26	τὴν	DET	S-	Case=Acc|Definite=Def|Gender=Fem|Number=Sing|PronType=Dem	ὁ	det	27
2	27	βλάβην	NOUN	Nb	Case=Acc|Gender=Fem|Number=Sing	βλάβη	obj	25
2	28	καὶ	CCONJ	C-		καί	cc	25
2	29	παρήκουον	VERB	V-	Aspect=Imp|Mood=Ind|Number=Sing|Person=1|Tense=Past|VerbForm=Fin|Voice=Act	παρήκουος	conj	25
2	30	ἔνια	ADJ	Px	Case=Acc|Degree=Pos|Gender=Neut|Number=Plur	ἔνιοι	obj	29
2	31	τῶν	DET	S-	Case=Gen|Definite=Def|Gender=Neut|Number=Plur|PronType=Dem	ὁ	det	32
2	32	λεγομένων	VERB	V-	Case=Gen|Gender=Neut|Number=Plur|Tense=Pres|VerbForm=Part|Voice=Pass	λέγω	nmod	30
2	33	ὑπὸ	ADP	R-		ὑπό	case	35
2	34	τῆς	DET	S-	Case=Gen|Definite=Def|Gender=Fem|Number=Sing|PronType=Dem	ὁ	det	35
2	35	μετριότητος	NOUN	Nb	Case=Gen|Gender=Fem|Number=Sing	μετριότης	obl:agent	32
2	36	,	PUNCT	Z		,	dep	25
2	37	ἣν	PRON	Pr	Case=Acc|Gender=Fem|Number=Sing|PronType=Rel	ὅς	obj	38
2	38	ἴστε	VERB	V-	Aspect=Perf|Mood=Ind|Number=Plur|Person=2|Tense=Past|VerbForm=Fin|Voice=Act	οἶδα	acl	36
2	39	με	PRON	Pp	Case=Acc|Gender=Masc|Number=Sing|Person=1|PronType=Prs	ἐγώ	obj	38
2	40	φυλάσσοντα	VERB	V-	Case=Acc|Gender=Masc|Number=Sing|Tense=Pres|VerbForm=Part|Voice=Act	φυλάσσω	xcomp	38
2	41	πρός	ADP	R-		πρός	case	43
2	42	τε	CCONJ	C-		τε	cc	43
2	43	ὑμᾶς	PRON	Pp	Case=Acc|Gender=Masc|Number=Plur|Person=2|PronType=Prs	ὑμεῖς	obl	40
2	44	καὶ	CCONJ	C-		καί	cc	43
2	45	τὰς	DET	S-	Case=Acc|Definite=Def|Gender=Fem|Number=Plur|PronType=Dem	ὁ	det	47
2	46	ἄλλας	ADJ	A-	Case=Acc|Degree=Pos|Gender=Fem|Number=Plur	ἄλλος	amod	47
2	47	συλλαβάς	NOUN	Nb	Case=Acc|Gender=Fem|Number=Plur	συλλαβή	conj	43
2	48	·	PUNCT	Z		·	punct	25
2	49	ἐπεὶ	SCONJ	G-		ἐπεί	mark	53
2	50	δὲ	ADV	Df		δέ	discourse	58
2	51	ἐς	ADP	R-		εἰς	case	52
2	52	τοσοῦτον	ADJ	Pd	Case=Acc|Gender=Neut|Number=Sing	τοσοῦτος	obl	53
2	53	ἥκει	VERB	V-	Mood=Ind|Number=Sing|Person=3|Tense=Pres|VerbForm=Fin|Voice=Act	ἥκω	advcl	58
2	54	πλεονεξίας	NOUN	Nb	Case=Gen|Gender=Fem|Number=Sing	πλεονεξία	nsubj	53
2	55	τε	CCONJ	C-		τε	cc	54
2	56	καὶ	CCONJ	C-		καί	cc	54
2	57	ἀνομίας	NOUN	Nb	Case=Gen|Gender=Fem|Number=Sing	ἀνομία	conj	54
2	58	,	PUNCT	Z		,	ROOT	58
2	59	ἀνομίας	NOUN	Nb	Case=Gen|Gender=Fem|Number=Sing	ἀνομία	conj	58
2	60	Lehmann	ADV	V-		Lehmann	conj	58
2	61	,	PUNCT	Z		,	advmod	62
2	62	Herwerden	PROPN	V-	Case=Gen|Gender=Fem|Number=Sing	Herwerden	dep	58
2	63	,	PUNCT	Z		,	punct	58
2	64	Sommerbrodt	PROPN	Ne	Case=Gen|Gender=Fem|Number=Sing	Sommerbrodt	ROOT	64
2	65	:	CCONJ	C-		:	ROOT	65
2	66	ἀνοίας	NOUN	Nb	Case=Gen|Gender=Fem|Number=Sing	ἄνοια	ROOT	66
2	67	MSS.	PUNCT	Z		MSS.	punct	66
2	68	ὥστε	ADV	Df		ὥστε	advmod	71
2	69	ἐφʼ	ADP	R-		ἐπί	case	70
2	70	οἷς	PRON	Pr	Case=Dat|Gender=Neut|Number=Plur|PronType=Rel	ὅς	obl	71
2	71	ἡσύχασα	VERB	V-	Aspect=Perf|Mood=Ind|Number=Sing|Person=1|Tense=Past|VerbForm=Fin|Voice=Act	ἡσύχασα	advcl	75
2	72	πολλάκις	ADV	Df		πολλάκις	advmod	74
2	73	οὐκ	ADV	Df	Polarity=Neg	οὐ	advmod	74
2	74	ἀγαπῶν	VERB	V-	Case=Nom|Gender=Masc|Number=Sing|Tense=Pres|VerbForm=Part|Voice=Act	ἀγαπάω	advcl	71
2	75	,	PUNCT	Z		,	ROOT	75
2	76	ἄλλʼ	CCONJ	C-		ἄλλος	cc	75
2	77	ἄλλʼ	CCONJ	C-		ἄλλος	cc	75
2	78	K.	PUNCT	Z		K.	conj	75
2	79	Schwartz	PROPN	Ne	Case=Nom|Gender=Masc|Number=Sing	Schwartz	ROOT	79
2	80	:	CCONJ	C-		:	advmod	79
2	81	ἀλλʼ	CCONJ	C-		ἀλλά	cc	79
2	82	(	PUNCT	Pd		(	dep	83
2	83	or	ADV	V-		or	dislocated	79
2	84	word	ADV	V-		word	parataxis	79
2	85	omitted	NOUN	S-	Case=Gen|Gender=Fem|Number=Sing	omitted	dislocated	79
2	86	)	SCONJ	Z		)	dislocated	79
2	87	MSS.	PUNCT	Z		MSS.	punct	79
2	88	ἤδη	ADV	Df		ἤδη	advmod	91
2	89	καὶ	ADV	Df		καί	advmod	91
2	90	πλείω	ADJ	A-	Case=Acc|Degree=Cmp|Gender=Neut|Number=Plur	πολύς	obj	91
2	91	προσβιάζεται	VERB	V-	Mood=Ind|Number=Sing|Person=3|Tense=Pres|VerbForm=Fin|Voice=Mid	προσβιάζομαι	parataxis	79
2	92	,	PUNCT	Z		,	punct	79
2	93	ἀναγκαίως	ADV	Df	Degree=Pos	ἀναγκαίως	advmod	95
2	94	αὐτὸ	PRON	Pp	Case=Acc|Gender=Neut|Number=Sing|Person=3|PronType=Prs	αὐτός	obj	95
2	95	εὐθύνω	VERB	V-	Mood=Ind|Number=Sing|Person=1|Tense=Pres|VerbForm=Fin|Voice=Act	εὐθύνω	parataxis	79
2	96	νῦν	ADV	Df		νῦν	advmod	95
2	97	παρὰ	ADP	R-		παρά	case	100
2	98	τοῖς	DET	S-	Case=Dat|Definite=Def|Gender=Masc|Number=Plur|PronType=Dem	ὁ	det	100
2	99	ἀμφότερα	ADJ	A-	Case=Acc|Degree=Pos|Gender=Neut|Number=Plur	ἀμφότεροι	obj	100
2	100	εἰδόσιν	VERB	V-	Aspect=Perf|Case=Dat|Gender=Masc|Number=Plur|Tense=Past|VerbForm=Part|Voice=Act	οἶδα	obl	95
2	101	ὑμῖν	PRON	Pp	Case=Dat|Gender=Masc|Number=Plur|Person=2|PronType=Prs	ὑμεῖς	iobj	100
2	102	.	PUNCT	Z		.	punct	79
2	103	δέος	NOUN	Nb	Case=Nom|Gender=Neut|Number=Sing	δέος	nsubj	111
2	104	δὲ	ADV	Df		δέ	discourse	103
2	105	οὐ	ADV	Df	Polarity=Neg	οὐ	advmod	106
2	106	μικρόν	ADJ	A-	Case=Nom|Degree=Pos|Gender=Neut|Number=Sing	μικρός	amod	103
2	107	μοι	PRON	Pp	Case=Dat|Gender=Masc|Number=Sing|Person=1|PronType=Prs	ἐγώ	obl	103
2	108	ἐπὶ	ADP	R-		ἐπί	case	109
2	109	τούτοις	ADJ	Pd	Case=Dat|Gender=Neut|Number=Plur	οὗτος	obl	111
2	110	τούτοις	ADJ	Pd	Case=Dat|Gender=Neut|Number=Plur	οὗτος	det	109
2	111	Herwerden	ADV	V-		Herwerden	ROOT	111
2	112	:	SCONJ	G-		:	dep	111
2	113	τοῖς	DET	S-	Case=Dat|Definite=Def|Gender=Neut|Number=Plur|PronType=Dem	ὁ	ROOT	113
2	114	(	PUNCT	C-		(	ROOT	114
2	115	τῆς	DET	S-	Case=Gen|Definite=Def|Gender=Fem|Number=Sing|PronType=Dem	ὁ	det	116
2	116	)	NOUN	Z	Case=Gen|Gender=Fem|Number=Sing	)	ROOT	116
2	117	MSS.	PUNCT	Z		MSS.	iobj	120
2	118	τῆς	DET	S-	Case=Gen|Definite=Def|Gender=Fem|Number=Sing|PronType=Dem	ὁ	det	119
2	119	ἀποθλίψεως	NOUN	Nb	Case=Gen|Gender=Fem|Number=Sing	ἀπόθλιψις	iobj	120
2	120	ἐπέρχεται	VERB	V-	Mood=Ind|Number=Sing|Person=3|Tense=Pres|VerbForm=Fin|Voice=Mid	ἐπέρχομαι	ROOT	120
2	121	τῆς	DET	S-	Case=Gen|Definite=Def|Gender=Fem|Number=Sing|PronType=Dem	ὁ	det	122
2	122	ἐμαυτοῦ	PRON	Pk	Case=Gen|Gender=Masc|Number=Sing|Person=1|PronType=Prs|Reflex=Yes	ἐμαυτοῦ	dep	120
2	123	·	PUNCT	Z		·	punct	120
2	124	τοῖς	DET	S-	Case=Dat|Definite=Def|Gender=Masc,Neut|Number=Plur|PronType=Dem	ὁ	det	136
2	125	γὰρ	ADV	Df		γάρ	discourse	135
2	126	προπεπραγμένοις	VERB	V-	Aspect=Perf|Case=Dat|Gender=Masc|Number=Plur|Tense=Past|VerbForm=Part|Voice=Pass	προπεπραγμένος	iobj	130
2	127	ἀεί	ADV	Df		ἀεί	advmod	129
2	128	τι	DET	Px	Case=Acc|Gender=Neut|Number=Sing	τίς	det	129
2	129	μεῖζον	ADJ	A-	Case=Acc|Degree=Cmp|Gender=Neut|Number=Sing	μέγας	obj	130
2	130	προστιθὲν	VERB	V-	Case=Nom|Gender=Neut|Number=Sing|Tense=Pres|VerbForm=Part|Voice=Act	προστιθεν	advcl	135
2	131	ἄρδην	ADV	Df		ἄρδην	advmod	135
2	132	με	PRON	Pp	Case=Acc|Gender=Masc|Number=Sing|Person=1|PronType=Prs	ἐγώ	obj	135
2	133	τῆς	DET	S-	Case=Gen|Definite=Def|Gender=Fem|Number=Sing|PronType=Dem	ὁ	det	136
2	134	οἰκείας	ADJ	A-	Case=Gen|Degree=Pos|Gender=Fem|Number=Sing	οἰκεῖος	amod	132
2	135	ἀποθλίψει	VERB	V-	Mood=Ind|Number=Sing|Person=3|Tense=Fut|VerbForm=Fin|Voice=Act	ἀποθλίπω	ROOT	135
2	136	χώρας	NOUN	Nb	Case=Gen|Gender=Fem|Number=Sing	χώρα	iobj	135
2	137	,	PUNCT	Z		,	parataxis	135
2	138	ὡς	ADV	G-	PronType=Rel	ὡς	advmod	140
2	139	ὀλίγου	ADJ	A-	Case=Gen|Degree=Pos|Gender=Neut|Number=Sing	ὀλίγος	iobj	140
2	140	δεῖν	VERB	V-	Tense=Pres|VerbForm=Inf|Voice=Act	δεῖ	ROOT	140
2	141	ἡσυχίαν	NOUN	Nb	Case=Acc|Gender=Fem|Number=Sing	ἡσυχία	obj	142
2	142	ἀγαγόντα	VERB	V-	Aspect=Perf|Case=Acc|Gender=Masc|Number=Sing|Tense=Past|VerbForm=Part|Voice=Act	ἄγω	advcl	146
2	143	μηδὲ	ADV	Df	Polarity=Neg	μηδέ	advmod	146
2	144	ἐν	ADP	R-		ἐν	case	145
2	145	γράμμασιν	NOUN	Nb	Case=Dat|Gender=Neut|Number=Plur	γράμμα	obl	146
2	146	ἀριθμεῖσθαι	VERB	V-	Tense=Pres|VerbForm=Inf|Voice=Pass	ἀριθμέω	ccomp	140
2	147	,	PUNCT	Z		,	punct	140
2	148	ἐν	ADP	R-		ἐν	case	149
2	149	ἴσῳ	ADJ	A-	Case=Dat|Degree=Pos|Gender=Neut|Number=Sing	ἴσος	advmod	151
2	150	δὲ	ADV	Df		δέ	discourse	151
2	151	κεῖσθαι	VERB	V-	Tense=Pres|VerbForm=Inf|Voice=Mid	κεῖμαι	ROOT	151
2	152	τοῦ	DET	S-	Case=Gen|Definite=Def|Gender=Masc|Number=Sing|PronType=Dem	ὁ	det	153
2	153	ψόφου	NOUN	Nb	Case=Gen|Gender=Masc|Number=Sing	ψόφος	iobj	151
2	154	Γ	ADV	Df		Γ	det	153
2	155	:	SCONJ	G-		:	ROOT	155
2	156	φόβον	NOUN	Nb	Case=Acc|Gender=Masc|Number=Sing	φόβος	obj	157
2	157	ΩΣ	VERB	V-	Aspect=Perf|Tense=Past|VerbForm=Inf|Voice=Act	ΩΣ	dep	155
2	158	.	PUNCT	Z		.	ROOT	158
2	159	ψόφου	NOUN	Nb	Case=Gen|Gender=Masc|Number=Sing	ψόφος	ROOT	159
2	160	.	PUNCT	Z		.	punct	159
3	0	δίκαιον	ADJ	A-	Case=Nom|Degree=Pos|Gender=Neut|Number=Sing	δίκαιος	ROOT	0
3	1	οὖν	ADV	Df		οὖν	discourse	0
3	2	οὐχ	ADV	Df	Polarity=Neg	οὐ	advmod	3
3	3	ὑμᾶς	PRON	Pp	Case=Acc|Gender=Masc|Number=Plur|Person=2|PronType=Prs	ὑμεῖς	obl	0
3	4	,	PUNCT	Z		,	punct	0
3	5	οἳ	PRON	Pr	Case=Nom|Gender=Masc|Number=Plur|PronType=Rel	ὁ	nsubj	6
3	6	δικάζετε	VERB	V-	Mood=Ind|Number=Plur|Person=2|Tense=Pres|VerbForm=Fin|Voice=Act	δικάζω	ROOT	6
3	7	νῦν	ADV	Df		νῦν	advmod	6
3	8	,	PUNCT	Z		,	ROOT	8
3	9	ἀλλὰ	CCONJ	C-		ἀλλά	cc	8
3	10	καὶ	ADV	Df		καί	advmod	13
3	11	τὰ	DET	S-	Case=Acc|Definite=Def|Gender=Neut|Number=Plur|PronType=Dem	ὁ	det	13
3	12	λοιπὰ	ADJ	A-	Case=Acc|Degree=Pos|Gender=Neut|Number=Plur	λοιπός	amod	13
3	13	γράμματα	NOUN	Nb	Case=Acc|Gender=Neut|Number=Plur	γράμμα	obj	16
3	14	τῆς	DET	S-	Case=Gen|Definite=Def|Gender=Fem|Number=Sing|PronType=Dem	ὁ	det	15
3	15	πείρας	NOUN	Nb	Case=Gen|Gender=Fem|Number=Sing	πείρω	nmod	13
3	16	ἔχειν	VERB	V-	Tense=Pres|VerbForm=Inf|Voice=Act	ἔχω	conj	8
3	17	τινὰ	DET	Px	Case=Acc|Gender=Fem,Masc|Number=Sing	τίς	det	18
3	18	φυλακήν	NOUN	Nb	Case=Acc|Gender=Fem|Number=Sing	φυλακή	obj	16
3	19	·	PUNCT	Z		·	ROOT	19
3	20	εἰ	SCONJ	G-		εἰ	mark	22
3	21	γὰρ	ADV	Df		γάρ	discourse	37
3	22	ἐξέσται	VERB	V-	Mood=Ind|Number=Sing|Person=3|Tense=Fut|VerbForm=Fin|Voice=Mid	ἔξεστι	advcl	37
3	23	τοῖς	DET	S-	Case=Dat|Definite=Def|Gender=Masc,Neut|Number=Plur|PronType=Dem	ὁ	det	24
3	24	βουλομένοις	VERB	V-	Case=Dat|Gender=Masc|Number=Plur|Tense=Pres|VerbForm=Part|Voice=Act	βούλομαι	iobj	22
3	25	ἀπὸ	ADP	R-		ἀπό	case	29
3	26	τῆς	DET	S-	Case=Gen|Definite=Def|Gender=Fem|Number=Sing|PronType=Dem	ὁ	det	29
3	27	καθʼ	ADP	R-		κατά	case	28
3	28	αὑτὰ	PRON	Pp	Case=Acc|Gender=Neut|Number=Plur|Person=3|PronType=Prs	ἑαυτοῦ	nmod	29
3	29	τάξεως	NOUN	Nb	Case=Gen|Gender=Fem|Number=Sing	τάξις	obl	32
3	30	ἐς	ADP	R-		εἰς	case	31
3	31	ἀλλοτρίαν	ADJ	A-	Case=Acc|Degree=Pos|Gender=Fem|Number=Sing	ἀλλότριος	obl	32
3	32	βιάζεσθαι	VERB	V-	Tense=Pres|VerbForm=Inf|Voice=Mid	βιάζω	xcomp	22
3	33	καὶ	CCONJ	C-		καί	cc	22
3	34	τοῦτο	ADJ	Pd	Case=Acc|Gender=Neut|Number=Sing	οὗτος	obj	35
3	35	ἐπιτρέψετε	VERB	V-	Mood=Ind|Number=Plur|Person=2|Tense=Fut|VerbForm=Fin|Voice=Act	ἐπιτρέψω	conj	22
3	36	ὑμεῖς	PRON	Pp	Case=Nom|Gender=Masc|Number=Plur|Person=2|PronType=Prs	ὑμεῖς	nsubj	35
3	37	,	PUNCT	Z		,	ROOT	37
3	38	ὧν	PRON	Pr	Case=Gen|Gender=Neut|Number=Plur|PronType=Rel	ὅς	obl	43
3	39	χωρὶς	ADP	R-		χωρίς	case	38
3	40	οὐδὲν	ADJ	Px	Case=Nom|Gender=Neut|Number=Sing	οὐδείς	nsubj	43
3	41	καθόλου	ADV	Df		καθόλου	advmod	43
3	42	τι	ADJ	Px	Case=Nom|Gender=Neut|Number=Sing	τίς	nsubj	43
3	43	γράφεται	VERB	V-	Mood=Ind|Number=Sing|Person=3|Tense=Pres|VerbForm=Fin|Voice=Act	γράφω	acl	37
3	44	,	PUNCT	Z		,	punct	37
3	45	οὐχ	ADV	Df	Polarity=Neg	οὐ	advmod	46
3	46	ὁρῶ	VERB	V-	Mood=Ind|Number=Sing|Person=1|Tense=Pres|VerbForm=Fin|Voice=Act	ὁράω	ROOT	46
3	47	τίνα	DET	Px	Case=Acc|Gender=Masc|Number=Sing	τίς	det	48
3	48	τρόπον	NOUN	Nb	Case=Acc|Gender=Masc|Number=Sing	τρόπος	obj	46
3	49	αἱ	DET	S-	Case=Nom|Definite=Def|Gender=Fem|Number=Plur|PronType=Dem	ὁ	det	50
3	50	συντάξεις	NOUN	Nb	Case=Nom|Gender=Fem|Number=Plur	σύνταξις	nsubj	46
3	51	τὰ	DET	S-	Case=Acc|Definite=Def|Gender=Neut|Number=Plur|PronType=Dem	ὁ	det	52
3	52	νόμιμα	ADJ	A-	Case=Acc|Degree=Pos|Gender=Neut|Number=Plur	νόμιμος	nmod	50
3	53	,	PUNCT	Z		,	punct	46
3	54	ἐφʼ	ADP	R-		ἐπί	case	55
3	55	οἷς	PRON	Pr	Case=Dat|Gender=Neut|Number=Plur|PronType=Rel	ὅς	obl	56
3	56	ἐτάχθη	VERB	V-	Aspect=Perf|Mood=Ind|Number=Sing|Person=3|Tense=Past|VerbForm=Fin|Voice=Pass	τάσσω	acl	53
3	57	τὰ	DET	S-	Case=Nom|Definite=Def|Gender=Neut|Number=Plur|PronType=Dem	ὁ	det	59
3	58	κατʼ	ADP	R-		κατά	case	59
3	59	ἀρχάς	NOUN	Nb	Case=Acc|Gender=Fem|Number=Plur	ἀρχή	nsubj:pass	56
3	60	,	PUNCT	Z		,	ROOT	60
3	61	ἕξουσιν	VERB	V-	Mood=Ind|Number=Plur|Person=3|Tense=Fut|VerbForm=Fin|Voice=Act	ἔχω	ROOT	61
3	62	.	PUNCT	Z		.	punct	61
3	63	ἀλλʼ	CCONJ	C-		ἀλλά	cc	66
3	64	οὔτε	CCONJ	C-		οὔτε	cc	66
3	65	ὑμᾶς	PRON	Pp	Case=Acc|Gender=Masc|Number=Plur|Person=2|PronType=Prs	ὑμεῖς	nsubj	74
3	66	οἶμαί	VERB	V-	Mood=Ind|Number=Sing|Person=1|Tense=Pres|VerbForm=Fin|Voice=Act	οἴομαι	ROOT	66
3	67	ποτε	ADV	Df		ποτε	advmod	74
3	68	ἐς	ADP	R-		εἰς	case	69
3	69	τοσοῦτον	ADJ	Pd	Case=Acc|Gender=Neut|Number=Sing	τοσοῦτος	obl	74
3	70	ἀμελείας	NOUN	Nb	Case=Gen|Gender=Fem|Number=Sing	ἀμέλεια	obl	74
3	71	τε	CCONJ	C-		τε	cc	70
3	72	καὶ	CCONJ	C-		καί	cc	70
3	73	παροράσεως	NOUN	Nb	Case=Gen|Gender=Fem|Number=Sing	παροράσις	conj	70
3	74	ἥξειν	VERB	V-	Tense=Fut|VerbForm=Inf|Voice=Act	ἥκω	ccomp	66
3	75	,	PUNCT	Z		,	parataxis	66
3	76	ὥστε	SCONJ	G-		ὥστε	mark	77
3	77	ἐπιτρέψαι	VERB	V-	Aspect=Perf|Tense=Past|VerbForm=Inf|Voice=Act	ἐπιτρέπω	advcl	75
3	78	τινὰ	ADJ	Px	Case=Acc|Gender=Masc|Number=Sing	τίς	obj	77
3	79	μὴ	ADV	Df	Polarity=Neg	μή	advmod	80
3	80	δίκαια	ADJ	A-	Case=Acc|Degree=Pos|Gender=Neut|Number=Plur	δίκαιος	obj	77
3	81	,	PUNCT	Z		,	ccomp	66
3	82	οὔτε	CCONJ	C-		οὔτε	cc	66
3	83	,	PUNCT	Z		,	conj	66
3	84	εἰ	SCONJ	G-		εἰ	mark	85
3	85	καθυφήσετε	VERB	V-	Mood=Ind|Number=Plur|Person=2|Tense=Fut|VerbForm=Fin|Voice=Act	καθυφήσω	advcl	83
3	86	τὸν	DET	S-	Case=Acc|Definite=Def|Gender=Masc|Number=Sing|PronType=Dem	ὁ	det	87
3	87	ἀγῶνα	NOUN	Nb	Case=Acc|Gender=Masc|Number=Sing	ἀγών	obj	85
3	88	ὑμεῖς	PRON	Pp	Case=Nom|Gender=Masc|Number=Plur|Person=2|PronType=Prs	ὑμεῖς	nsubj	85
3	89	,	PUNCT	Z		,	ccomp	66
3	90	ἐμοὶ	PRON	Pp	Case=Dat|Gender=Masc|Number=Sing|Person=1|PronType=Prs	ἐγώ	iobj	91
3	91	παραλειπτέον	VERB	V-	Case=Nom|Gender=Neut|Number=Sing|VerbForm=Gdv	παραλείπω	ccomp	66
3	92	ἐστὶν	AUX	V-	Mood=Ind|Number=Sing|Person=3|Tense=Pres|VerbForm=Fin|Voice=Act	εἰμί	cop	91
3	93	ἀδικουμένῳ	VERB	V-	Case=Dat|Gender=Masc|Number=Sing|Tense=Pres|VerbForm=Part|Voice=Pass	ἀδικέω	advcl	91
3	94	.	PUNCT	Z		.	punct	66
4	0	 	CCONJ	V-		 	case	27
4	1	ὡς	ADV	Df		ὡς	advmod	6
4	2	εἴθε	SCONJ	Df		εἴθε	mark	6
4	3	καὶ	ADV	Df		καί	advmod	6
4	4	τῶν	DET	S-	Case=Gen|Definite=Def|Gender=Masc|Number=Plur|PronType=Dem	ὁ	det	5
4	5	ἄλλων	ADJ	A-	Case=Gen|Degree=Pos|Gender=Masc|Number=Plur	ἄλλος	nsubj:pass	6
4	6	ἀνεκόπησαν	VERB	V-	Aspect=Perf|Mood=Ind|Number=Plur|Person=3|Tense=Past|VerbForm=Fin|Voice=Pass	ἀνακόπτω	ROOT	6
4	7	τότε	ADV	Df		τότε	advmod	6
4	8	αἱ	DET	S-	Case=Nom|Definite=Def|Gender=Fem|Number=Plur|PronType=Dem	ὁ	det	9
4	9	τόλμαι	NOUN	Nb	Case=Nom|Gender=Fem|Number=Plur	τόλ	nsubj:pass	6
4	10	εὐθὺς	ADV	Df		εὐθύς	advmod	11
4	11	ἀρξαμένων	VERB	V-	Aspect=Perf|Case=Gen|Gender=Masc|Number=Plur|Tense=Past|VerbForm=Part|Voice=Mid	ἄρχω	advcl	6
4	12	παρανομεῖν	VERB	V-	Tense=Pres|VerbForm=Inf|Voice=Act	παρανομέω	xcomp	11
4	13	,	PUNCT	Z		,	dep	6
4	14	καὶ	CCONJ	C-		καί	cc	6
4	15	οὐκ	ADV	Df	Polarity=Neg	οὐ	advmod	17
4	16	ἂν	ADV	Df		ἄν	advmod	17
4	17	ἐπολέμει	VERB	V-	Aspect=Imp|Mood=Ind|Number=Sing|Person=3|Tense=Past|VerbForm=Fin|Voice=Mid	πολεμέω	conj	6
4	18	μέχρι	ADP	R-		μέχρι	case	19
4	19	νῦν	ADV	Df		νῦν	advmod	17
4	20	τὸ	DET	S-	Case=Nom|Definite=Def|Gender=Neut|Number=Sing|PronType=Dem	ὁ	det	21
4	21	Λάμβδα	PROPN	Ne		Λάμβδα	nsubj	17
4	22	τῷ	DET	S-	Case=Dat|Definite=Def|Gender=Neut|Number=Sing|PronType=Dem	ὁ	det	23
4	23	Ῥῶ	NOUN	Nb		Ῥῶ	appos	21
4	24	διαμφισβητοῦν	VERB	V-	Tense=Pres|VerbForm=Inf|Voice=Act	διαμφισβητόω	advcl	17
4	25	περὶ	ADP	R-		περί	case	27
4	26	τῆς	DET	S-	Case=Gen|Definite=Def|Gender=Fem|Number=Sing|PronType=Dem	ὁ	det	27
4	27	κισήρεως	NOUN	Nb	Case=Gen|Gender=Fem|Number=Sing	κισῆρις	obl	24
4	28	καὶ	CCONJ	C-		καί	cc	27
4	29	κεφαλαργίας	PROPN	Ne	Case=Gen|Gender=Fem|Number=Sing	κεφαλαργία	conj	27
4	30	,	PUNCT	Z		,	parataxis	6
4	31	οὔτε	CCONJ	C-		οὔτε	cc	36
4	32	τὸ	DET	S-	Case=Nom|Definite=Def|Gender=Neut|Number=Sing|PronType=Dem	ὁ	det	33
4	33	Γάμμα	NOUN	Nb		Γάμμα	nsubj	36
4	34	τῷ	DET	S-	Case=Dat|Definite=Def|Gender=Neut|Number=Sing|PronType=Dem	ὁ	det	35
4	35	Κάππα	NOUN	Nb		Κάππας	nmod	33
4	36	διηγωνίζετο	VERB	V-	Aspect=Imp|Mood=Ind|Number=Sing|Person=3|Tense=Past|VerbForm=Fin|Voice=Mid	διηγωνίζω	ROOT	36
4	37	καὶ	CCONJ	C-		καί	cc	36
4	38	ἐς	ADP	R-		εἰς	case	39
4	39	χεῖρας	NOUN	Nb	Case=Acc|Gender=Fem|Number=Plur	χείρ	obl	42
4	40	μικροῦ	ADJ	A-	Case=Gen|Degree=Pos|Gender=Neut|Number=Sing	μικρός	advmod	42
4	41	δεῖν	ADV	Df		δεῖ	advmod	40
4	42	ἤρχετο	VERB	V-	Aspect=Imp|Mood=Ind|Number=Sing|Person=3|Tense=Past|VerbForm=Fin|Voice=Mid	ἔρχομαι	conj	36
4	43	πολλάκις	ADV	Df		πολλάκις	advmod	42
4	44	ἐν	ADP	R-		ἐν	case	46
4	45	τῷ	DET	S-	Case=Dat|Definite=Def|Gender=Masc,Neut|Number=Sing|PronType=Dem	ὁ	det	46
4	46	γναφείῳ	NOUN	Nb	Case=Dat|Gender=Neut|Number=Sing	γναφεῖος	obl	42
4	47	ὑπὲρ	ADP	R-		ὑπέρ	case	48
4	48	γναφάλλων	NOUN	Nb	Case=Gen|Gender=Masc|Number=Plur	γναφάλλος	obl	42
4	49	,	PUNCT	Z		,	conj	36
4	50	ἐπέπαυτο	VERB	V-	Mood=Ind|Number=Sing|Person=3|Tense=Pqp|VerbForm=Fin|Voice=Mid	παύω	ROOT	50
4	51	δʼ	ADV	Df		δέ	discourse	50
4	52	ἂν	ADV	Df		ἄν	advmod	50
4	53	καὶ	ADV	Df		καί	advmod	57
4	54	πρὸς	ADP	R-		πρός	case	56
4	55	τὸ	DET	S-	Case=Acc|Definite=Def|Gender=Neut|Number=Sing|PronType=Dem	ὁ	det	56
4	56	Λάμβδα	PROPN	Ne		Λάμβδα	obl	57
4	57	μαχόμενον	VERB	V-	Case=Nom|Gender=Neut|Number=Sing|Tense=Pres|VerbForm=Part|Voice=Mid	μάχομαι	xcomp	50
4	58	,	PUNCT	Z		,	punct	50
4	59	τὸ	DET	S-	Case=Acc|Definite=Def|Gender=Neut|Number=Sing|PronType=Dem	ὁ	det	61
4	60	μόγις	ADV	Df		μόγις	advmod	61
4	61	ἀφαιρούμενον	VERB	V-	Case=Acc|Gender=Neut|Number=Sing|Tense=Pres|VerbForm=Part|Voice=Pass	ἀφαιρέω	ROOT	61
4	62	αὐτοῦ	PRON	Pp	Case=Gen|Gender=Neut|Number=Sing|Person=3|PronType=Prs	αὐτός	iobj	61
4	63	καὶ	CCONJ	C-		καί	cc	61
4	64	μάλιστα	ADV	Df	Degree=Sup	μάλα	advmod	65
4	65	παρακλέπτον	ADJ	A-	Case=Acc|Degree=Pos|Gender=Neut|Number=Sing	παρακλέπτος	conj	61
4	66	,	PUNCT	Z		,	advmod	77
4	67	καὶ	CCONJ	C-		καί	advmod	72
4	68	τὰ	DET	S-	Case=Nom|Definite=Def|Gender=Neut|Number=Plur|PronType=Dem	ὁ	det	69
4	69	λοιπὰ	ADJ	A-	Case=Nom|Degree=Pos|Gender=Neut|Number=Plur	λοιπός	nsubj	72
4	70	δʼ	ADV	Df		δέ	discourse	72
4	71	ἂν	ADV	Df		ἄν	advmod	72
4	72	ἠρέμει	VERB	V-	Aspect=Imp|Mood=Ind|Number=Sing|Person=3|Tense=Past|VerbForm=Fin|Voice=Act	ἠρεμέω	conj	66
4	73	συγχύσεως	NOUN	Nb	Case=Gen|Gender=Fem|Number=Sing	σύγχυσις	iobj	74
4	74	ἄρχεσθαι	VERB	V-	Tense=Pres|VerbForm=Inf|Voice=Mid	ἄρχω	advcl	72
4	75	παρανόμου	ADJ	A-	Case=Gen|Degree=Pos|Gender=Fem|Number=Sing	παράνομος	dep	74
4	76	·	PUNCT	Z		·	punct	72
4	77	καλὸν	ADJ	A-	Case=Nom|Degree=Pos|Gender=Neut|Number=Sing	καλός	ROOT	77
4	78	γὰρ	ADV	Df		γάρ	discourse	77
4	79	ἕκαστον	ADJ	A-	Case=Acc|Degree=Pos|Gender=Masc|Number=Sing	ἕκαστος	nsubj	80
4	80	μένειν	VERB	V-	Tense=Pres|VerbForm=Inf|Voice=Act	μένω	ccomp	77
4	81	ἐφʼ	ADP	R-		ἐπί	case	83
4	82	ἧς	PRON	Pr	Case=Gen|Gender=Fem|Number=Sing|PronType=Rel	ὅς	det	83
4	83	τετύχηκε	VERB	V-	Aspect=Perf|Mood=Ind|Number=Sing|Person=3|Tense=Past|VerbForm=Fin|Voice=Act	τυγχάνω	acl	84
4	84	τάξεως	NOUN	Nb	Case=Gen|Gender=Fem|Number=Sing	τάξις	obl	80
4	85	·	PUNCT	Z		·	punct	77
4	86	τὸ	DET	S-	Case=Nom|Definite=Def|Gender=Neut|Number=Sing|PronType=Dem	ὁ	dep	96
4	87	δὲ	ADV	Df		δέ	discourse	96
4	88	ὑπερβαίνειν	VERB	V-	Tense=Pres|VerbForm=Inf|Voice=Act	ὑπερβαίνω	nsubj	96
4	89	ἐς	ADP	R-		εἰς	case	92
4	90	ἃ	PRON	Pr	Case=Acc|Gender=Neut|Number=Plur|PronType=Rel	ὅς	obj	92
4	91	μὴ	ADV	Df	Polarity=Neg	μή	advmod	92
4	92	χρὴ	VERB	V-	Mood=Ind|Number=Sing|Person=3|Tense=Pres|VerbForm=Fin|Voice=Act	χρή	obl	88
4	93	λύοντός	VERB	V-	Case=Gen|Gender=Masc|Number=Sing|Tense=Pres|VerbForm=Part|Voice=Act	λύοντος	advcl	96
4	94	ἐστι	AUX	V-	Mood=Ind|Number=Sing|Person=3|Tense=Pres|VerbForm=Fin|Voice=Act	εἰμί	cop	96
4	95	τὸ	DET	S-	Case=Acc|Definite=Def|Gender=Neut|Number=Sing|PronType=Dem	ὁ	det	96
4	96	δίκαιον	ADJ	A-	Case=Nom|Degree=Pos|Gender=Neut|Number=Sing	δίκαιος	ROOT	96
4	97	.	PUNCT	Z		.	punct	96
5	0	 	CCONJ	V-		 	ROOT	0
5	1	καὶ	CCONJ	C-		καί	cc	10
5	2	ὅ	DET	S-	Case=Nom|Definite=Def|Gender=Masc|Number=Sing|PronType=Dem	ὅς	det	9
5	3	γε	ADV	Df		γε	discourse	9
5	4	πρῶτος	ADJ	Mo	Case=Nom|Gender=Masc|Number=Sing	πρῶτος	xcomp	9
5	5	ἡμῖν	PRON	Pp	Case=Dat|Gender=Masc|Number=Plur|Person=1|PronType=Prs	ἡμεῖς	iobj	9
5	6	τοὺς	DET	S-	Case=Acc|Definite=Def|Gender=Masc|Number=Plur|PronType=Dem	ὁ	det	7
5	7	νόμους	NOUN	Nb	Case=Acc|Gender=Masc|Number=Plur	νόμος	obj	9
5	8	τούτους	DET	Pd	Case=Acc|Gender=Masc|Number=Plur	οὗτος	det	7
5	9	διατυπώσας	VERB	V-	Aspect=Perf|Case=Nom|Gender=Masc|Number=Sing|Tense=Past|VerbForm=Part|Voice=Act	διατυπώω	nsubj	10
5	10	,	PUNCT	Z		,	ROOT	10
5	11	εἴτε	CCONJ	C-		εἴτε	cc	12
5	12	Κάδμος	PROPN	Ne	Case=Nom|Gender=Masc|Number=Sing	Κάδμος	appos	9
5	13	ὁ	DET	S-	Case=Nom|Definite=Def|Gender=Masc|Number=Sing|PronType=Dem	ὁ	det	14
5	14	νησιώτης	NOUN	Nb	Case=Nom|Gender=Masc|Number=Sing	νησιώτης	appos	12
5	15	εἴτε	CCONJ	C-		εἴτε	cc	12
5	16	Παλαμήδης	PROPN	Ne	Case=Nom|Gender=Masc|Number=Sing	Παλαμήδης	conj	12
5	17	ὁ	DET	S-	Case=Nom|Definite=Def|Gender=Masc|Number=Sing|PronType=Dem	ὁ	det	18
5	18	Ναυπλίου	PROPN	Ne	Case=Gen|Gender=Masc|Number=Sing	Ναυπλίας	nmod	16
5	19	,	PUNCT	Z		,	punct	10
5	20	—	SCONJ	G-		—	iobj	25
5	21	καὶ	CCONJ	C-		καί	advmod	25
5	22	Σιμωνίδῃ	PROPN	Ne	Case=Dat|Gender=Masc|Number=Sing	Σιμωνίδης	iobj	25
5	23	δὲ	ADV	Df		δέ	discourse	25
5	24	ἔνιοι	ADJ	A-	Case=Nom|Gender=Masc|Number=Plur	ἔνιοι	nsubj	25
5	25	προσάπτουσι	VERB	V-	Mood=Ind|Number=Plur|Person=3|Tense=Pres|VerbForm=Fin|Voice=Act	προσάπτω	ROOT	25
5	26	τὴν	DET	S-	Case=Acc|Definite=Def|Gender=Fem|Number=Sing|PronType=Dem	ὁ	det	27
5	27	προμήθειαν	NOUN	Nb	Case=Acc|Gender=Fem|Number=Sing	προμήθεια	obj	25
5	28	ταύτην	DET	Pd	Case=Acc|Gender=Fem|Number=Sing	οὗτος	det	27
5	29	—	ADV	G-		—	advmod	25
5	30	οὐ	ADV	Df	Polarity=Neg	οὐ	advmod	33
5	31	τῇ	DET	S-	Case=Dat|Definite=Def|Gender=Fem|Number=Sing|PronType=Dem	ὁ	det	32
5	32	τάξει	NOUN	Nb	Case=Dat|Gender=Fem|Number=Sing	τάξις	obl	34
5	33	μόνον	ADJ	A-	Case=Acc|Degree=Pos|Gender=Neut|Number=Sing	μόνος	advmod	32
5	34	,	PUNCT	Z		,	appos	25
5	35	καθʼ	ADP	R-		κατά	case	36
5	36	ἣν	PRON	Pr	Case=Acc|Gender=Fem|Number=Sing|PronType=Rel	ὅς	obl	39
5	37	αἱ	DET	S-	Case=Nom|Definite=Def|Gender=Fem|Number=Plur|PronType=Dem	ὁ	det	38
5	38	προεδρίαι	NOUN	Nb	Case=Nom|Gender=Fem|Number=Plur	προεδρία	nsubj:pass	39
5	39	βεβαιοῦνται	VERB	V-	Mood=Ind|Number=Plur|Person=3|Tense=Pres|VerbForm=Fin|Voice=Pass	βεβαιέω	acl	34
5	40	,	PUNCT	Z		,	punct	25
5	41	διώρισαν	VERB	V-	Aspect=Perf|Mood=Ind|Number=Plur|Person=3|Tense=Past|VerbForm=Fin|Voice=Act	διόριζω	ROOT	41
5	42	,	PUNCT	Z		,	ccomp	41
5	43	τί	PRON	Pi	Case=Nom|Gender=Neut|Number=Sing|PronType=Int	τίς	nsubj	44
5	44	πρῶτον	ADJ	Mo	Case=Nom|Gender=Neut|Number=Sing	πρῶτος	ccomp	42
5	45	ἔσται	AUX	V-	Mood=Ind|Number=Sing|Person=3|Tense=Fut|VerbForm=Fin|Voice=Mid	εἰμί	cop	44
5	46	ἢ	CCONJ	C-		ἤ	cc	44
5	47	δεύτερον	ADJ	Mo	Case=Nom|Gender=Neut|Number=Sing	δεύτερος	conj	44
5	48	,	PUNCT	Z		,	ccomp	41
5	49	ἀλλὰ	CCONJ	C-		ἀλλά	cc	41
5	50	καὶ	ADV	Df		καί	advmod	51
5	51	ποιότητας	NOUN	Nb	Case=Acc|Gender=Fem|Number=Plur	ποιότης	conj	41
5	52	,	PUNCT	Z		,	punct	41
5	53	ἃς	PRON	Pr	Case=Acc|Gender=Fem|Number=Plur|PronType=Rel	ὅς	obj	56
5	54	ἕκαστον	ADJ	A-	Case=Nom|Degree=Pos|Gender=Neut|Number=Sing	ἕκαστος	nsubj	56
5	55	ἡμῶν	PRON	Pp	Case=Gen|Gender=Masc|Number=Plur|Person=1|PronType=Prs	ἡμεῖς	nmod	54
5	56	ἔχει	VERB	V-	Mood=Ind|Number=Sing|Person=3|Tense=Pres|VerbForm=Fin|Voice=Act	ἔχω	ROOT	56
5	57	,	PUNCT	Z		,	ROOT	57
5	58	καὶ	CCONJ	C-		καί	cc	60
5	59	δυνάμεις	NOUN	Nb	Case=Acc|Gender=Fem|Number=Plur	δύναμις	obj	60
5	60	συνεῖδον	VERB	V-	Aspect=Perf|Mood=Ind|Number=Plur|Person=3|Tense=Past|VerbForm=Fin|Voice=Act	συνοράω	conj	57
5	61	.	PUNCT	Z		.	punct	60
5	62	καὶ	CCONJ	C-		καί	cc	65
5	63	ὑμῖν	PRON	Pp	Case=Dat|Gender=Masc|Number=Plur|Person=2|PronType=Prs	ὑμεῖς	iobj	65
5	64	μέν	ADV	Df		μέν	discourse	65
5	65	,	PUNCT	Z		,	ROOT	65
5	66	ὦ	INTJ	I-		ὦ	discourse	67
5	67	δικασταί	NOUN	Nb	Case=Voc|Gender=Masc|Number=Plur	δικαστής	vocative	65
5	68	,	PUNCT	Z		,	punct	65
5	69	τὴν	DET	S-	Case=Acc|Definite=Def|Gender=Fem|Number=Sing|PronType=Dem	ὁ	det	72
5	70	μείζω	ADJ	A-	Case=Acc|Degree=Cmp|Gender=Fem|Number=Sing	μέγας	amod	72
5	71	δεδώκασι	VERB	V-	Aspect=Perf|Mood=Ind|Number=Plur|Person=3|Tense=Past|VerbForm=Fin|Voice=Act	δίδωμι	ROOT	71
5	72	τιμήν	NOUN	Nb	Case=Acc|Gender=Fem|Number=Sing	τιμή	obj	71
5	73	,	PUNCT	Z		,	dep	71
5	74	ὅτι	SCONJ	G-		ὅτι	mark	77
5	75	καθʼ	ADP	R-		κατά	case	76
5	76	αὑτὰ	PRON	Pp	Case=Acc|Gender=Neut|Number=Plur|Person=3|PronType=Prs	ἑαυτοῦ	obl	77
5	77	δύνασθε	VERB	V-	Mood=Ind|Number=Plur|Person=2|Tense=Pres|VerbForm=Fin|Voice=Mid	δύναμαι	advcl	73
5	78	φθέγγεσθαι	VERB	V-	Tense=Pres|VerbForm=Inf|Voice=Mid	φθέγγομαι	xcomp	77
5	79	,	PUNCT	Z		,	punct	71
5	80	ἡμιφώνοις	NOUN	A-	Case=Dat|Gender=Masc|Number=Plur	ἡμιφώνω	ROOT	80
5	81	δὲ	ADV	Df		δέ	discourse	80
5	82	τὴν	DET	S-	Case=Acc|Definite=Def|Gender=Fem|Number=Sing|PronType=Dem	ὁ	det	83
5	83	ἐφεξῆς	ADV	Df		ἐφεξῆς	advmod	80
5	84	,	PUNCT	Z		,	ROOT	84
5	85	ὅτι	SCONJ	G-		ὅτι	mark	90
5	86	προσθήκης	NOUN	Nb	Case=Gen|Gender=Fem|Number=Sing	προσθήκη	iobj	90
5	87	εἰς	ADP	R-		εἰς	case	89
5	88	τὸ	DET	S-	Case=Acc|Definite=Def|Gender=Neut|Number=Sing|PronType=Dem	ὁ	det	89
5	89	ἀκουσθῆναι	VERB	V-	Aspect=Perf|Tense=Past|VerbForm=Inf|Voice=Pass	ἀκουόσ	nmod	86
5	90	δεῖται	VERB	V-	Mood=Ind|Number=Sing|Person=3|Tense=Pres|VerbForm=Fin|Voice=Mid	δέω	advcl	84
5	91	·	PUNCT	Z		·	punct	84
5	92	πασῶν	ADJ	Px	Case=Gen|Gender=Fem|Number=Plur	πᾶς	dep	95
5	93	δὲ	ADV	Df		δέ	discourse	95
5	94	ἐσχάτην	ADJ	A-	Case=Acc|Degree=Sup|Gender=Fem|Number=Sing	ἔσχατος	dep	95
5	95	ἐνόμισαν	VERB	V-	Aspect=Perf|Mood=Ind|Number=Plur|Person=3|Tense=Past|VerbForm=Fin|Voice=Act	νομίζω	ROOT	95
5	96	ἔχειν	VERB	V-	Tense=Pres|VerbForm=Inf|Voice=Act	ἔχω	ccomp	95
5	97	μοῖραν	NOUN	Nb	Case=Acc|Gender=Fem|Number=Sing	μοῖρα	obj	96
5	98	ἐννέα	NUM	Ma		ἐννέα	nummod	97
5	99	ἐννέα	NUM	Ma		ἐννέα	dep	96
5	100	second	NOUN	Nb	Case=Acc|Gender=Fem|Number=Plur	second	dep	96
5	101	Aldine	NOUN	V-	Case=Acc|Gender=Fem|Number=Plur	Aldine	dep	95
5	102	ed.	PUNCT	Z		ed.ς	punct	95
5	103	,	PUNCT	Z		,	cc	104
5	104	Fritzsche	NUM	Nb		Fritzsche	ROOT	104
5	105	:	CCONJ	C-		:	cc	104
5	106	ἔνια	ADJ	A-	Case=Nom|Degree=Pos|Gender=Neut|Number=Plur	ἔνιοι	nsubj	104
5	107	MSS.	PUNCT	Z		MSS.	punct	104
5	108	τῶν	DET	S-	Case=Gen|Definite=Def|Gender=Neut|Number=Plur|PronType=Dem	ὁ	det	109
5	109	πάντων	ADJ	Px	Case=Gen|Gender=Neut|Number=Plur	πᾶς	nmod	104
5	110	,	PUNCT	Z		,	punct	104
5	111	οἷς	PRON	Pr	Case=Dat|Gender=Masc|Number=Plur|PronType=Rel	ὅς	ROOT	111
5	112	οὐδὲ	ADV	Df	Polarity=Neg	οὐδέ	ROOT	112
5	113	φωνὴ	NOUN	Nb	Case=Nom|Gender=Fem|Number=Sing	φωνή	nsubj	114
5	114	πρόσεστι	VERB	V-	Mood=Ind|Number=Sing|Person=3|Tense=Pres|VerbForm=Fin|Voice=Act	πρόσειμι	ROOT	114
5	115	καθʼ	ADP	R-		κατά	case	116
5	116	αὑτά	PRON	Pp	Case=Acc|Gender=Neut|Number=Plur|Person=3|PronType=Prs	ἑαυτοῦ	obl	114
5	117	.	PUNCT	Z		.	punct	114
5	118	τὰ	DET	S-	Case=Nom|Definite=Def|Gender=Neut|Number=Plur|PronType=Dem	ὁ	det	121
5	119	μὲν	ADV	Df		μέν	discourse	123
5	120	οὖν	ADV	Df		οὖν	discourse	123
5	121	φωνήεντα	NOUN	Nb	Case=Nom|Gender=Neut|Number=Plur	φωνήεις	nsubj	123
5	122	φυλάσσειν	VERB	V-	Tense=Pres|VerbForm=Inf|Voice=Act	φυλάσσω	xcomp	123
5	123	ἔοικε	VERB	V-	Aspect=Perf|Mood=Ind|Number=Sing|Person=3|Tense=Past|VerbForm=Fin|Voice=Act	ἔοικα	ROOT	123
5	124	τοὺς	DET	S-	Case=Acc|Definite=Def|Gender=Masc|Number=Plur|PronType=Dem	ὁ	det	125
5	125	νόμους	NOUN	Nb	Case=Acc|Gender=Masc|Number=Plur	νόμος	obj	123
5	126	τούτους	DET	Pd	Case=Acc|Gender=Masc|Number=Plur	οὗτος	det	125
5	127	.	PUNCT	Z		.	punct	123
6	0	 	CCONJ	V-		 	ROOT	0
6	1	τὸ	DET	S-	Case=Acc|Definite=Def|Gender=Neut|Number=Sing|PronType=Dem	ὁ	dep	9
6	2	δέ	ADV	Df		δέ	discourse	9
6	3	γε	ADV	Df		γε	discourse	4
6	4	Ταῦ	NOUN	Ne		Ταῦ	nsubj	9
6	5	τοῦτο	DET	Pd	Case=Acc|Gender=Neut|Number=Sing	οὗτος	det	4
6	6	,	PUNCT	Z		,	parataxis	9
6	7	οὐ	ADV	Df	Polarity=Neg	οὐ	advmod	9
6	8	γὰρ	ADV	Df		γάρ	discourse	9
6	9	ἔχω	VERB	V-	Mood=Ind|Number=Sing|Person=1|Tense=Pres|VerbForm=Fin|Voice=Act	ἔχω	dislocated	0
6	10	χείρονι	ADJ	A-	Case=Dat|Degree=Pos|Gender=Neut|Number=Sing	χείρων	advmod	12
6	11	αὐτὸ	PRON	Pp	Case=Acc|Gender=Neut|Number=Sing|Person=3|PronType=Prs	αὐτός	obj	12
6	12	ὀνομάσαι	VERB	V-	Aspect=Perf|Tense=Past|VerbForm=Inf|Voice=Act	ὀνομάζω	xcomp	9
6	13	ῥήματι	NOUN	Nb	Case=Dat|Gender=Neut|Number=Sing	ῥῆμα	obl	12
6	14	ἢ	ADV	Df		ἤ	dep	13
6	15	ᾧ	PRON	Pr	Case=Dat|Gender=Neut|Number=Sing|PronType=Rel	ὅς	xcomp	16
6	16	καλεῖται	VERB	V-	Mood=Ind|Number=Sing|Person=3|Tense=Pres|VerbForm=Fin|Voice=Pass	καλέω	acl	14
6	17	,	PUNCT	Z		,	parataxis	9
6	18	ὃ	PRON	Pr	Case=Nom|Gender=Neut|Number=Sing|PronType=Rel	ὁ	nsubj	19
6	19	μὰ	VERB	Df	Mood=Ind|Number=Sing|Person=1|Tense=Pres|VerbForm=Fin|Voice=Act	μά	ROOT	19
6	20	τοὺς	DET	S-	Case=Acc|Definite=Def|Gender=Masc|Number=Plur|PronType=Dem	ὁ	det	21
6	21	θεούς	NOUN	Nb	Case=Acc|Gender=Masc|Number=Plur	θεός	appos	19
6	22	,	PUNCT	Z		,	punct	19
6	23	εἰ	SCONJ	G-		εἰ	mark	28
6	24	μὴ	ADV	Df	Polarity=Neg	μή	advmod	28
6	25	ἐξ	ADP	R-		ἐκ	case	26
6	26	ὑμῶν	PRON	Pp	Case=Gen|Gender=Masc|Number=Plur|Person=2|PronType=Prs	ὑμεῖς	obl	28
6	27	δύο	NUM	Ma		δύο	dep	28
6	28	συνῆλθον	VERB	V-	Aspect=Perf|Mood=Ind|Number=Plur|Person=3|Tense=Past|VerbForm=Fin|Voice=Act	συνέρχομαι	advcl	33
6	29	ἀγαθοὶ	ADJ	A-	Case=Nom|Degree=Pos|Gender=Masc|Number=Plur	ἀγαθός	nsubj	28
6	30	καὶ	CCONJ	C-		καί	cc	29
6	31	καθήκοντες	VERB	V-	Aspect=Perf|Case=Nom|Gender=Masc|Number=Plur|Tense=Past|VerbForm=Part|Voice=Act	καθήκω	conj	29
6	32	ὁραθῆναι	VERB	V-	Aspect=Perf|Tense=Past|VerbForm=Inf|Voice=Pass	ὁράω	ccomp	31
6	33	,	PUNCT	Z		,	nsubj:pass	43
6	34	τό	DET	S-	Case=Nom|Definite=Def|Gender=Neut|Number=Sing|PronType=Dem	ὁ	det	36
6	35	τε	CCONJ	C-		τε	cc	36
6	36	Ἄλφα	NOUN	Nb		Ἅλφα	nsubj:pass	33
6	37	καὶ	CCONJ	C-		καί	cc	36
6	38	τὸ	DET	S-	Case=Acc|Definite=Def|Gender=Neut|Number=Sing|PronType=Dem	ὁ	det	39
6	39	Ὗ	NOUN	Nb		Ὗ	conj	36
6	40	,	PUNCT	Z		,	nsubj:pass	43
6	41	οὐκ	ADV	Df	Polarity=Neg	οὐ	advmod	43
6	42	ἂν	ADV	Df		ἄν	advmod	43
6	43	ἠκούσθη	VERB	V-	Aspect=Perf|Mood=Ind|Number=Sing|Person=3|Tense=Past|VerbForm=Fin|Voice=Pass	ἀκούω	ROOT	43
6	44	μόνον	ADJ	A-	Case=Acc|Degree=Pos|Gender=Neut|Number=Sing	μόνος	advmod	43
6	45	,	PUNCT	Z		,	nsubj:pass	43
6	46	τοῦτο	ADJ	Pd	Case=Nom|Gender=Neut|Number=Sing	οὗτος	nsubj	48
6	47	τοίνυν	ADV	Df		τοίνυν	discourse	48
6	48	ἐτόλμησεν	VERB	V-	Aspect=Perf|Mood=Ind|Number=Sing|Person=3|Tense=Past|VerbForm=Fin|Voice=Act	τολμάω	csubj:pass	43
6	49	ἀδικεῖν	VERB	V-	Tense=Pres|VerbForm=Inf|Voice=Act	ἀδικέω	xcomp	48
6	50	με	PRON	Pp	Case=Acc|Gender=Masc|Number=Sing|Person=1|PronType=Prs	ἐγώ	obj	49
6	51	πλείω	ADJ	A-	Case=Acc|Degree=Cmp|Gender=Neut|Number=Plur	πολύς	advmod	48
6	52	τῶν	DET	S-	Case=Gen|Definite=Def|Gender=Masc|Number=Plur|PronType=Dem	ὁ	det	54
6	53	πώποτε	ADV	Df		πώποτε	advmod	54
6	54	βιασαμένων	VERB	V-	Aspect=Perf|Case=Gen|Gender=Masc|Number=Plur|Tense=Past|VerbForm=Part|Voice=Mid	βιάζω	iobj	51
6	55	,	PUNCT	Z		,	ROOT	55
6	56	ὀνομάτων	NOUN	Nb	Case=Gen|Gender=Neut|Number=Plur	ὄνομα	iobj	60
6	57	μὲν	ADV	Df		μέν	discourse	56
6	58	καὶ	CCONJ	C-		καί	cc	56
6	59	ῥημάτων	NOUN	Nb	Case=Gen|Gender=Neut|Number=Plur	ῥῆμα	conj	56
6	60	ἀπελάσαν	VERB	V-	Aspect=Perf|Mood=Ind|Number=Plur|Person=3|Tense=Past|VerbForm=Fin|Voice=Act	ἀπελάσαν	ROOT	60
6	61	πατρῴων	ADJ	A-	Case=Gen|Degree=Pos|Gender=Neut|Number=Plur	πατρῷος	amod	60
6	62	,	PUNCT	Z		,	punct	60
6	63	ἐκδιῶξαν	VERB	V-	Aspect=Perf|Mood=Ind|Number=Plur|Person=3|Tense=Past|VerbForm=Fin|Voice=Act	ἐκδιῶξα	advcl	68
6	64	ἀπελάσαν	VERB	V-	Aspect=Perf|Mood=Ind|Number=Plur|Person=3|Tense=Past|VerbForm=Fin|Voice=Act	ἀπελάσαν	obj	63
6	65	.	PUNCT	Z	Aspect=Perf|Tense=Past|VerbForm=Inf|Voice=Act	.	obj	63
6	66	.	PUNCT	Z		.	punct	63
6	67	.	PUNCT	Z		.	punct	66
6	68	ἐκδιῶξαν	VERB	V-	Aspect=Perf|Mood=Ind|Number=Plur|Person=3|Tense=Past|VerbForm=Fin|Voice=Act	ἐκδιῶξα	ROOT	68
6	69	K.	PUNCT	Z		K.	punct	68
6	70	Schwartz	CCONJ	Ne		Schwartz	ROOT	70
6	71	:	ADV	Df		:	discourse	70
6	72	ἀπελάσαι	VERB	V-	Aspect=Perf|Tense=Past|VerbForm=Inf|Voice=Act	ἀπελαύνω	conj	70
6	73	.	PUNCT	Z	Aspect=Perf|Tense=Past|VerbForm=Inf|Voice=Act	.	conj	70
6	74	.	PUNCT	Z		.	punct	70
6	75	ἐκδιῶξαι	VERB	V-	Aspect=Perf|Tense=Past|VerbForm=Inf|Voice=Act	ἐκδιῶζω	ROOT	75
6	76	MSS.	PUNCT	Z		MSS.	punct	75
6	77	δὲ	ADV	Df		δέ	ROOT	77
6	78	ὁμοῦ	ADV	Df		ὁμοῦ	amod	79
6	79	συνδέσμων	NOUN	Nb	Case=Gen|Gender=Masc|Number=Plur	σύνδεσμος	iobj	77
6	80	ἅμα	ADV	Df		ἅμα	amod	79
6	81	καὶ	CCONJ	C-		καί	cc	79
6	82	προθέσεων	NOUN	Nb	Case=Gen|Gender=Fem|Number=Plur	πρόθεσις	conj	79
6	83	,	PUNCT	Z		,	dep	77
6	84	ὡς	SCONJ	G-		ὡς	mark	86
6	85	μηκέτι	ADV	Df	Polarity=Neg	μηκέτι	advmod	86
6	86	φέρειν	VERB	V-	Tense=Pres|VerbForm=Inf|Voice=Act	φέρω	advcl	83
6	87	τὴν	DET	S-	Case=Acc|Definite=Def|Gender=Fem|Number=Sing|PronType=Dem	ὁ	det	89
6	88	ἔκτοπον	ADJ	A-	Case=Acc|Degree=Pos|Gender=Fem|Number=Sing	ἔκτοπος	amod	89
6	89	πλεονεξίαν	NOUN	Nb	Case=Acc|Gender=Fem|Number=Sing	πλεονεξία	obj	86
6	90	.	PUNCT	Z		.	punct	77
7	0	ὅθεν	ADV	Dq	PronType=Rel	ὅθεν	advmod	2
7	1	δὲ	ADV	Df		δέ	discourse	5
7	2	καὶ	ADV	Df		καί	advmod	5
7	3	ἀπὸ	ADP	R-		ἀπό	case	4
7	4	τίνων	ADJ	Px	Case=Gen|Gender=Fem,Masc|Number=Plur	τίς	obl	5
7	5	ἀρξάμενον	VERB	V-	Aspect=Perf|Case=Acc|Gender=Masc|Number=Sing|Tense=Past|VerbForm=Part|Voice=Mid	ἄρχω	advcl	6
7	6	,	PUNCT	Z		,	ccomp	7
7	7	ὥρα	VERB	V-	Aspect=Imp|Mood=Ind|Number=Sing|Person=3|Tense=Past|VerbForm=Fin|Voice=Act	ὁράω	ROOT	7
7	8	λέγειν	VERB	V-	Tense=Pres|VerbForm=Inf|Voice=Act	λέγω	xcomp	7
7	9	.	PUNCT	Z		.	punct	7
7	10	ἐπεδήμουν	VERB	V-	Aspect=Imp|Mood=Ind|Number=Sing|Person=1|Tense=Past|VerbForm=Fin|Voice=Act	πεδημόω	ROOT	10
7	11	ποτὲ	ADV	Df		ποτε	advmod	10
7	12	Κυβέλῳ	PROPN	Ne	Case=Dat|Gender=Masc|Number=Sing	Κυβέλῳ	iobj	10
7	13	,	PUNCT	Z		,	parataxis	10
7	14	—	ADV	Df		—	advmod	20
7	15	τὸ	PRON	Pp	Case=Nom|Gender=Neut|Number=Sing|Person=3|PronType=Prs	ὁ	nsubj	20
7	16	δέ	ADV	Df		δέ	discourse	20
7	17	ἐστι	AUX	V-	Mood=Ind|Number=Sing|Person=3|Tense=Pres|VerbForm=Fin|Voice=Act	εἰμί	cop	18
7	18	πολίχνιον	NOUN	Nb	Case=Nom|Gender=Neut|Number=Sing	πολίχνιον	nsubj	20
7	19	οὐκ	ADV	Df	Polarity=Neg	οὐ	advmod	20
7	20	ἀηδές	ADJ	A-	Case=Nom|Degree=Pos|Gender=Neut|Number=Sing	ἀηδής	ROOT	20
7	21	,	PUNCT	Z		,	cc	20
7	22	ἄποικον	ADJ	A-	Case=Nom|Degree=Pos|Gender=Neut|Number=Sing	ἄποικος	conj	20
7	23	,	PUNCT	Z		,	punct	20
7	24	ὡς	ADV	Dq	PronType=Rel	ὡς	advmod	25
7	25	ἔχει	VERB	V-	Mood=Ind|Number=Sing|Person=3|Tense=Pres|VerbForm=Fin|Voice=Act	ἔχω	advcl	27
7	26	λόγος	NOUN	Nb	Case=Nom|Gender=Masc|Number=Sing	λόγος	nsubj	25
7	27	,	PUNCT	Z		,	ROOT	27
7	28	Ἀθηναίων	ADJ	A-	Case=Gen|Degree=Pos|Gender=Masc|Number=Plur	Ἀθηναῖος	nmod	27
7	29	—	SCONJ	G-		—	vocative	30
7	30	ἐπηγόμην	VERB	V-	Aspect=Imp|Mood=Ind|Number=Sing|Person=1|Tense=Past|VerbForm=Fin|Voice=Mid	ἐπηγόμην	ROOT	30
7	31	δὲ	ADV	Df		δέ	discourse	30
7	32	καὶ	ADV	Df		καί	advmod	30
7	33	τὸ	DET	S-	Case=Acc|Definite=Def|Gender=Neut|Number=Sing|PronType=Dem	ὁ	det	34
7	34	κράτιστον	ADJ	A-	Case=Acc|Degree=Sup|Gender=Neut|Number=Sing	κρείσσων	obj	30
7	35	Ῥῶ	NOUN	Ne		Ῥῶ	nmod	34
7	36	,	PUNCT	Z		,	iobj	30
7	37	γειτόνων	NOUN	Nb	Case=Gen|Gender=Masc|Number=Plur	γείτων	nmod	39
7	38	τὸ	DET	S-	Case=Acc|Definite=Def|Gender=Neut|Number=Sing|PronType=Dem	ὁ	det	39
7	39	βέλτιστον	ADJ	A-	Case=Acc|Degree=Sup|Gender=Neut|Number=Sing	βέλτιστος	obj	30
7	40	·	PUNCT	Z		·	punct	30
7	41	κατηγόμην	VERB	V-	Aspect=Imp|Mood=Ind|Number=Sing|Person=1|Tense=Past|VerbForm=Fin|Voice=Mid	κατάγω	ROOT	41
7	42	δὲ	ADV	Df		δέ	discourse	41
7	43	παρὰ	ADP	R-		παρά	case	44
7	44	κωμῳδιῶν	NOUN	Nb	Case=Gen|Gender=Masc|Number=Plur	κωμῳδία	obl	41
7	45	τινι	DET	Px	Case=Dat|Gender=Masc|Number=Sing	τίς	det	46
7	46	ποιητῇ	NOUN	Nb	Case=Dat|Gender=Masc|Number=Sing	ποιητής	appos	44
7	47	·	PUNCT	Z		·	punct	41
7	48	Λυσίμαχος	PROPN	Ne	Case=Nom|Gender=Masc|Number=Sing	Λυσίμαχος	xcomp	49
7	49	ἐκαλεῖτο	VERB	V-	Aspect=Imp|Mood=Ind|Number=Sing|Person=3|Tense=Past|VerbForm=Fin|Voice=Pass	καλέω	ROOT	49
7	50	,	PUNCT	Z		,	punct	49
7	51	Βοιώτιος	PROPN	Ne	Case=Nom|Gender=Masc|Number=Sing	Βοιώτιος	xcomp	53
7	52	μέν	ADV	Df		μέν	discourse	51
7	53	,	PUNCT	Z		,	ROOT	53
7	54	ὡς	ADV	Dq	PronType=Rel	ὡς	advmod	55
7	55	ἐφαίνετο	VERB	V-	Aspect=Imp|Mood=Ind|Number=Sing|Person=3|Tense=Past|VerbForm=Fin|Voice=Pass	φαίνω	advcl	56
7	56	,	PUNCT	Z		,	ROOT	56
7	57	τὸ	DET	S-	Case=Acc|Definite=Def|Gender=Neut|Number=Sing|PronType=Dem	ὁ	det	58
7	58	γένος	NOUN	Nb	Case=Acc|Gender=Neut|Number=Sing	γένος	obl	56
7	59	ἀνέκαθεν	ADV	Df		ἀνέκαθεν	advmod	56
7	60	,	PUNCT	Z		,	punct	56
7	61	ἀπὸ	ADP	R-		ἀπό	case	64
7	62	μέσης	ADJ	A-	Case=Gen|Degree=Pos|Gender=Fem|Number=Sing	μέσος	dep	64
7	63	δὲ	ADV	Df		δέ	discourse	64
7	64	ἀξιῶν	VERB	V-	Case=Nom|Gender=Masc|Number=Sing|Tense=Pres|VerbForm=Part|Voice=Act	ἀξιόω	ROOT	64
7	65	λέγεσθαι	VERB	V-	Tense=Pres|VerbForm=Inf|Voice=Pass	λέγω	xcomp	64
7	66	τῆς	DET	S-	Case=Gen|Definite=Def|Gender=Fem|Number=Sing|PronType=Dem	ὁ	det	67
7	67	Ἀττικῆς	PROPN	Ne	Case=Gen|Gender=Fem|Number=Sing	Αττική	dep	64
7	68	·	PUNCT	Z		·	punct	64
7	69	παρὰ	ADP	R-		παρά	case	79
7	70	τούτῳ	DET	Pd	Case=Dat|Gender=Masc|Number=Sing	οὗτος	det	79
7	71	δὴ	ADV	Df		δή	discourse	79
7	72	τῷ	DET	S-	Case=Dat|Definite=Def|Gender=Masc|Number=Sing|PronType=Dem	ὁ	det	73
7	73	ξένῳ	ADJ	A-	Case=Dat|Degree=Pos|Gender=Masc|Number=Sing	ξένος	iobj	79
7	74	τὴν	DET	S-	Case=Acc|Definite=Def|Gender=Fem|Number=Sing|PronType=Dem	ὁ	det	78
7	75	τοῦ	DET	S-	Case=Gen|Definite=Def|Gender=Neut|Number=Sing|PronType=Dem	ὁ	det	76
7	76	Ταῦ	NOUN	Ne		Ταῦς	nmod	78
7	77	τούτου	DET	Pd	Case=Gen|Gender=Masc|Number=Sing	οὗτος	det	76
7	78	πλεονεξίαν	NOUN	Nb	Case=Acc|Gender=Fem|Number=Sing	πλεονεξία	obj	79
7	79	ἐφώρασα	VERB	V-	Aspect=Perf|Mood=Ind|Number=Sing|Person=1|Tense=Past|VerbForm=Fin|Voice=Act	φωράω	ROOT	79
7	80	·	PUNCT	Z		·	punct	79
7	81	μέχρι	SCONJ	G-		μέχρι	dep	85
7	82	μὲν	ADV	Df		μέν	discourse	85
7	83	γὰρ	ADV	Df		γάρ	discourse	85
7	84	ὀλίγοις	ADJ	A-	Case=Dat|Degree=Pos|Gender=Neut|Number=Plur	ὀλίγος	iobj	85
7	85	ἐπεχείρει	VERB	V-	Aspect=Imp|Mood=Ind|Number=Sing|Person=3|Tense=Past|VerbForm=Fin|Voice=Act	ἐπιχειρέω	ROOT	85
7	86	,	PUNCT	Z		,	punct	85
7	87	τέτταρα	NUM	Ma	Case=Acc|Gender=Neut|Number=Plur	τέσσαρες	obj	88
7	88	κατατολμῶν	VERB	V-	Case=Nom|Gender=Masc|Number=Sing|Tense=Pres|VerbForm=Part|Voice=Act	κατατολμέω	ROOT	88
7	89	καὶ	CCONJ	C-		καί	cc	88
7	90	τέτταρα	NUM	Ma	Case=Acc|Gender=Neut|Number=Plur	τέσσαρες	obj	91
7	91	κατατολμῶν	VERB	V-	Case=Nom|Gender=Masc|Number=Sing|Tense=Pres|VerbForm=Part|Voice=Act	κατατολμέω	conj	88
7	92	καὶ	CCONJ	C-		καί	cc	88
7	93	A.M.H	PUNCT	Z		A.M.H	conj	88
7	94	,	PUNCT	Z		,	punct	88
7	95	following	CCONJ	V-		following	ROOT	95
7	96	Halm	ADV	Df		Halm	dep	95
7	97	(	PUNCT	C-		(	cc	98
7	98	τέτταρα	NUM	Ma		τέσσαρες	nummod	96
7	99	καὶ	CCONJ	C-		καί	cc	98
7	100	)	CCONJ	Z		)	dislocated	95
7	101	and	VERB	V-	Tense=Pres|VerbForm=Inf|Voice=Act	and	conj	95
7	102	the	VERB	V-	Tense=Pres|VerbForm=Inf|Voice=Act	the	advcl	95
7	103	scholia	VERB	V-	Tense=Pres|VerbForm=Inf|Voice=Act	scholia	dep	95
7	104	:	CCONJ	C-		:	cc	95
7	105	not	CCONJ	Nb		not	ROOT	105
7	106	in	ADV	Nb		in	advmod	105
7	107	MSS.	PUNCT	Z		MSS.	punct	105
7	108	τετταράκοντα	NUM	Ma		τεσσαράκοντα	obj	109
7	109	λέγειν	VERB	V-	Tense=Pres|VerbForm=Inf|Voice=Act	λέγω	ccomp	105
7	110	,	PUNCT	Z		,	punct	105
7	111	ἔτι	ADV	Df		ἔτι	advmod	113
7	112	δὲ	ADV	Df		δέ	discourse	113
7	113	τήμερον	ADV	Df		σήμερον	advmod	121
7	114	καὶ	ADV	Df		καί	advmod	117
7	115	τὰ	DET	S-	Case=Acc|Definite=Def|Gender=Neut|Number=Plur|PronType=Dem	ὁ	det	116
7	116	ὅμοια	ADJ	A-	Case=Acc|Degree=Pos|Gender=Neut|Number=Plur	ὅμοιος	obj	117
7	117	ἐπισπώμενον	VERB	V-	Case=Acc|Gender=Masc|Number=Sing|Tense=Pres|VerbForm=Part|Voice=Mid	ἐπισπάω	advcl	120
7	118	ἴδια	ADJ	A-	Case=Acc|Degree=Pos|Gender=Neut|Number=Plur	ἴδιος	obj	120
7	119	ταυτὶ	DET	Pd	Case=Acc|Gender=Neut|Number=Plur	οὗτος	obj	120
7	120	λέγειν	VERB	V-	Tense=Pres|VerbForm=Inf|Voice=Act	λέγω	ccomp	113
7	121	,	PUNCT	Z		,	ROOT	121
7	122	ἀποστεροῦν	VERB	V-	Tense=Pres|VerbForm=Inf|Voice=Act	ἀποστερόω	ROOT	122
7	123	με	PRON	Pp	Case=Acc|Gender=Masc|Number=Sing|Person=1|PronType=Prs	ἐγώ	obj	122
7	124	τῶν	DET	S-	Case=Gen|Definite=Def|Number=Plur|PronType=Dem	ὁ	det	125
7	125	συγγεγενημένων	VERB	V-	Aspect=Perf|Case=Gen|Gender=Neut|Number=Plur|Tense=Past|VerbForm=Part|Voice=Pass	συγγίγνομαι	nmod	128
7	126	καὶ	CCONJ	C-		καί	cc	125
7	127	συντεθραμμένων	VERB	V-	Aspect=Perf|Case=Gen|Gender=Neut|Number=Plur|Tense=Past|VerbForm=Part|Voice=Pass	συντεθραμμένων	conj	125
7	128	γραμμάτων	NOUN	Nb	Case=Gen|Gender=Neut|Number=Plur	γράμμα	iobj	122
7	129	,	PUNCT	Z		,	xcomp	122
7	130	συνήθειαν	NOUN	Nb	Case=Acc|Gender=Fem|Number=Sing	συνήθεια	obj	133
7	131	ᾤμην	VERB	V-	Aspect=Imp|Mood=Ind|Number=Sing|Person=1|Tense=Past|VerbForm=Fin|Voice=Act	οἴομαι	ROOT	131
7	132	τετταράκοντα	NUM	Ma		τεσσαράκοντα	obj	133
7	133	λέγειν	VERB	V-	Tense=Pres|VerbForm=Inf|Voice=Act	λέγω	ccomp	131
7	134	,	PUNCT	Z		,	punct	131
7	135	ἔτι	ADV	Df		ἔτι	dep	144
7	136	δὲ	ADV	Df		δέ	discourse	144
7	137	τήμερον	ADV	Df		σήμερον	iobj	141
7	138	καὶ	CCONJ	C-		καί	cc	137
7	139	τὰ	DET	S-	Case=Acc|Definite=Def|Gender=Neut|Number=Plur|PronType=Dem	ὁ	det	140
7	140	ὅμοια	ADJ	A-	Case=Acc|Degree=Pos|Gender=Neut|Number=Plur	ὅμοιος	conj	137
7	141	ἐπισπώμενον	VERB	V-	Case=Acc|Gender=Masc|Number=Sing|Tense=Pres|VerbForm=Part|Voice=Mid	ἐπισπάω	advcl	144
7	142	ἴδια	ADJ	A-	Case=Acc|Degree=Pos|Gender=Neut|Number=Plur	ἴδιος	obj	144
7	143	ταυτὶ	DET	Pd	Case=Acc|Gender=Neut|Number=Plur	οὗτος	det	142
7	144	λέγειν	VERB	V-	Tense=Pres|VerbForm=Inf|Voice=Act	λέγω	ROOT	144
7	145	,	PUNCT	Z		,	punct	144
7	146	ἀποστεροῦν	VERB	V-	Tense=Pres|VerbForm=Inf|Voice=Act	ἀποστερόω	ROOT	146
7	147	με	PRON	Pp	Case=Acc|Gender=Masc|Number=Sing|Person=1|PronType=Prs	ἐγώ	obj	146
7	148	τῶν	DET	S-	Case=Gen|Definite=Def|Number=Plur|PronType=Dem	ὁ	det	149
7	149	συγγεγενημένων	VERB	V-	Aspect=Perf|Case=Gen|Gender=Neut|Number=Plur|Tense=Past|VerbForm=Part|Voice=Pass	συγγίγνομαι	iobj	146
7	150	καὶ	CCONJ	C-		καί	cc	149
7	151	συντεθραμμένοων	VERB	V-	Aspect=Perf|Case=Gen|Gender=Neut|Number=Plur|Tense=Past|VerbForm=Part|Voice=Pass	συντεθραμμένοως	conj	149
7	152	γραμμάτων	NOUN	Nb	Case=Gen|Gender=Neut|Number=Plur	γράμμα	iobj	151
7	153	,	PUNCT	Z		,	obj	146
7	154	συνήθειαν	NOUN	Nb	Case=Acc|Gender=Fem|Number=Sing	συνήθεια	nsubj	156
7	155	ᾤμην	VERB	V-	Aspect=Imp|Mood=Ind|Number=Sing|Person=1|Tense=Past|VerbForm=Fin|Voice=Act	οἴομαι	ROOT	155
7	156	Word	ADV	V-		Word	ccomp	155
7	157	order	VERB	V-	Tense=Pres|VerbForm=Inf|Voice=Act	order	dep	155
7	158	(	PUNCT	C-		(	dep	155
7	159	and	ADV	Df		and	ROOT	159
7	160	καὶ	ADV	Df		καί	advmod	159
7	161	for	ADV	V-		for	parataxis	159
7	162	μοι	PRON	Pp	Case=Dat|Gender=Masc|Number=Sing|Person=1|PronType=Prs	ἐγώ	iobj	164
7	163	after	DET	S-	Case=Gen|Definite=Def|Number=Plur|PronType=Dem	after	iobj	164
7	164	συγγεγενημένων	VERB	V-	Aspect=Perf|Case=Gen|Gender=Neut|Number=Plur|Tense=Past|VerbForm=Part|Voice=Pass	συγγίγνομαι	dep	161
7	165	)	SCONJ	Z		)	discourse	159
7	166	Harmon	VERB	V-	Tense=Pres|VerbForm=Inf|Voice=Act	Harmon	ccomp	159
7	167	:	SCONJ	G-		:	ccomp	159
7	168	τετταράκοντα	NUM	Ma		τεσσαράκοντα	obj	169
7	169	λέγειν	VERB	V-	Tense=Pres|VerbForm=Inf|Voice=Act	λέγω	ccomp	159
7	170	,	PUNCT	Z		,	punct	159
7	171	ἀποστεροῦν	VERB	V-	Tense=Pres|VerbForm=Inf|Voice=Act	ἀποστερόω	ROOT	171
7	172	με	PRON	Pp	Case=Acc|Gender=Masc|Number=Sing|Person=1|PronType=Prs	ἐγώ	obj	171
7	173	τῶν	DET	S-	Case=Gen|Definite=Def|Number=Plur|PronType=Dem	ὁ	det	174
7	174	συγγεγενη	VERB	V-	Aspect=Perf|Case=Gen|Gender=Neut|Number=Plur|Tense=Past|VerbForm=Part|Voice=Pass	συγγεγενη	xcomp	175
7	175	ἡμένων	VERB	V-	Aspect=Perf|Case=Gen|Gender=Neut|Number=Plur|Tense=Past|VerbForm=Part|Voice=Pass	ἡμένος	xcomp	171
7	176	μοι	PRON	Pp	Case=Dat|Gender=Masc|Number=Sing|Person=1|PronType=Prs	ἐγώ	iobj	175
7	177	,	PUNCT	Z		,	ROOT	177
7	178	σονήθειαν	VERB	V-	Tense=Pres|VerbForm=Inf|Voice=Act	σονήθεια	xcomp	179
7	179	ᾤμην	VERB	V-	Aspect=Imp|Mood=Ind|Number=Sing|Person=1|Tense=Past|VerbForm=Fin|Voice=Act	οἴομαι	ROOT	179
7	180	συντεθρααμένων	VERB	V-	Aspect=Perf|Case=Gen|Gender=Neut|Number=Plur|Tense=Past|VerbForm=Part|Voice=Pass	συντεθρααμένω	acl	181
7	181	γραμμάτων	NOUN	Nb	Case=Gen|Gender=Neut|Number=Plur	γράμμα	dep	179
7	182	,	PUNCT	Z		,	dep	179
7	183	ἔτι	ADV	Df		ἔτι	advmod	184
7	184	.	PUNCT	Z		.	punct	179
7	185	.	PUNCT	Z		.	ROOT	185
7	186	.	PUNCT	Z		.	punct	185
7	187	λέγειν	VERB	V-	Tense=Pres|VerbForm=Inf|Voice=Act	λέγω	ROOT	187
7	188	,	PUNCT	Z		,	punct	187
7	189	καὶ	CCONJ	C-		καί	cc	190
7	190	οἰστὸν	NOUN	Nb	Case=Acc|Gender=Masc|Number=Sing	οἰστός	ROOT	190
7	191	κ.τ.λ	PUNCT	Z		κ.τ.λ	dislocated	190
7	192	.	PUNCT	Z		.	punct	190
7	193	MSS.	PUNCT	Z		MSS.	advmod	195
7	194	καὶ	CCONJ	C-		καί	cc	195
7	195	οἰστὸν	NOUN	Nb	Case=Nom|Gender=Neut|Number=Sing	οἰστός	ROOT	195
7	196	ἦν	AUX	V-	Aspect=Imp|Mood=Ind|Number=Sing|Person=3|Tense=Past|VerbForm=Fin|Voice=Act	εἰμί	cop	195
7	197	μοι	PRON	Pp	Case=Dat|Gender=Masc|Number=Sing|Person=1|PronType=Prs	ἐγώ	obl	195
7	198	τὸ	DET	S-	Case=Nom|Definite=Def|Gender=Neut|Number=Sing|PronType=Dem	ὁ	det	199
7	199	ἄκουσμα	NOUN	Nb	Case=Nom|Gender=Neut|Number=Sing	ἄκουσμα	nsubj	195
7	200	καὶ	CCONJ	C-		καί	cc	195
7	201	οὐ	ADV	Df	Polarity=Neg	οὐ	advmod	204
7	202	πάνυ	ADV	Df		πάνυ	advmod	204
7	203	τι	DET	Px	Case=Acc|Gender=Neut|Number=Sing	τίς	det	202
7	204	ἐδακνόμην	VERB	V-	Aspect=Imp|Mood=Ind|Number=Sing|Person=1|Tense=Past|VerbForm=Fin|Voice=Mid	ἐδακνόμην	conj	195
7	205	ἐπʼ	ADP	R-		ἐπί	case	206
7	206	αὐτοῖς	PRON	Pp	Case=Dat|Gender=Masc|Number=Plur|Person=3|PronType=Prs	αὐτός	obl	204
7	207	.	PUNCT	Z		.	punct	195
8	0	 	CCONJ	V-		 	ROOT	0
8	1	ὁπότε	SCONJ	G-		ὁπότε	mark	6
8	2	δὲ	ADV	Df		δέ	discourse	13
8	3	ἐκ	ADP	R-		ἐκ	case	4
8	4	τούτων	ADJ	Pd	Case=Gen|Gender=Neut|Number=Plur	οὗτος	obl	5
8	5	ἀρξάμενον	VERB	V-	Aspect=Perf|Case=Acc|Gender=Masc|Number=Sing|Tense=Past|VerbForm=Part|Voice=Mid	ἄρχω	advcl	6
8	6	ἐτόλμησε	VERB	V-	Aspect=Perf|Mood=Ind|Number=Sing|Person=3|Tense=Past|VerbForm=Fin|Voice=Act	τολμάω	advcl	13
8	7	καττίτερον	ADJ	A-	Case=Acc|Degree=Cmp|Gender=Neut|Number=Sing	καττίτερος	advmod	8
8	8	εἰπεῖν	VERB	V-	Aspect=Perf|Tense=Past|VerbForm=Inf|Voice=Act	λέγω	xcomp	6
8	9	καὶ	CCONJ	C-		καί	cc	8
8	10	κάττυμα	NOUN	Nb	Case=Acc|Gender=Neut|Number=Sing	κάττυμα	conj	8
8	11	καὶ	CCONJ	C-		καί	cc	10
8	12	πίτταν	NOUN	Nb	Case=Acc|Gender=Fem|Number=Sing	πίσσα	conj	10
8	13	,	PUNCT	Z		,	ROOT	13
8	14	εἶτα	ADV	Df		εἶτα	advmod	15
8	15	ἀπερυθριᾶσαν	VERB	V-	Aspect=Perf|Mood=Ind|Number=Plur|Person=3|Tense=Past|VerbForm=Fin|Voice=Act	ἀπερυθριᾶσαν	conj	13
8	16	καὶ	CCONJ	C-		καί	cc	15
8	17	βασίλισσαν	NOUN	Nb	Case=Acc|Gender=Fem|Number=Sing	βασιλεία	obj	18
8	18	βαασίλισσαν	VERB	V-	Aspect=Perf|Mood=Ind|Number=Plur|Person=3|Tense=Past|VerbForm=Fin|Voice=Act	βαασίλισσαν	conj	15
8	19	Harmon	ADV	Nb		Harmonμι	xcomp	15
8	20	,	PUNCT	Z		,	punct	13
8	21	following	ADV	V-	PronType=Int	following	advmod	22
8	22	Κ	ADV	Df		Κ	ROOT	22
8	23	.	PUNCT	Z		.	punct	22
8	24	Schwartz	CCONJ	C-		Schwartz	xcomp	27
8	25	(	PUNCT	Df		(	dep	24
8	26	τὴν	DET	S-	Case=Acc|Definite=Def|Gender=Fem|Number=Sing|PronType=Dem	ὁ	det	27
8	27	β	SCONJ	Nb		ΑΒΓ	ROOT	27
8	28	.	PUNCT	Z		.	punct	27
8	29	)	ADV	Z		)	ROOT	29
8	30	:	SCONJ	G-		:	cop	29
8	31	not	ADV	V-		not	ROOT	31
8	32	in	ADV	Nb		in	advmod	31
8	33	MSS.	PUNCT	Z		MSS.	punct	31
8	34	βασίλιτταν	PROPN	Ne	Case=Acc|Gender=Fem|Number=Sing	βασίλιττη	xcomp	35
8	35	ὀνομάζειν	VERB	V-	Tense=Pres|VerbForm=Inf|Voice=Act	ὀνομάζω	ROOT	35
8	36	,	PUNCT	Z		,	punct	35
8	37	οὐ	ADV	Df	Polarity=Neg	οὐ	advmod	38
8	38	μετρίως	ADV	Df	Degree=Pos	μετρίως	advmod	41
8	39	ἐπὶ	ADP	R-		ἐπί	case	40
8	40	τούτοις	ADJ	Pd	Case=Dat|Gender=Neut|Number=Plur	οὗτος	obl	41
8	41	ἀγανακτῶ	VERB	V-	Mood=Ind|Number=Sing|Person=1|Tense=Pres|VerbForm=Fin|Voice=Act	ἀγανακτέω	ROOT	41
8	42	καὶ	CCONJ	C-		καί	cc	41
8	43	πίμπραμαι	VERB	V-	Mood=Ind|Number=Sing|Person=1|Tense=Pres|VerbForm=Fin|Voice=Pass	πίμπρα	conj	41
8	44	δεδιὸς	VERB	V-	Case=Nom|Gender=Neut|Number=Sing|Tense=Pres|VerbForm=Part|Voice=Act	δείδω	advcl	43
8	45	μὴ	SCONJ	G-		μή	mark	53
8	46	τῷ	DET	S-	Case=Dat|Definite=Def|Gender=Masc,Neut|Number=Sing|PronType=Dem	ὁ	det	47
8	47	χρόνῳ	NOUN	Nb	Case=Dat|Gender=Masc|Number=Sing	χρόνος	obl	53
8	48	καὶ	ADV	Df		καί	advmod	50
8	49	τὰ	DET	S-	Case=Acc|Definite=Def|Gender=Neut|Number=Plur|PronType=Dem	ὁ	det	50
8	50	σῦκα	NOUN	Nb	Case=Acc|Gender=Neut|Number=Plur	σῦκον	obj	53
8	51	τῦκά	PROPN	Ne	Case=Acc|Gender=Neut|Number=Plur	τῦκά	xcomp	53
8	52	τις	ADJ	Px	Case=Nom|Gender=Masc|Number=Sing	τίς	nsubj	53
8	53	ὀνομάσῃ	VERB	V-	Aspect=Perf|Mood=Sub|Number=Sing|Person=3|Tense=Past|VerbForm=Fin|Voice=Act	ὀνομάζω	ccomp	44
8	54	.	PUNCT	Z		.	punct	41
8	55	καί	CCONJ	C-		καί	cc	64
8	56	μοι	PRON	Pp	Case=Dat|Gender=Masc|Number=Sing|Person=1|PronType=Prs	ἐγώ	iobj	64
8	57	πρὸς	ADP	R-		πρός	case	58
8	58	Διὸς	PROPN	Ne	Case=Gen|Gender=Masc|Number=Sing	Ζεύς	obl	64
8	59	ἀθυμοῦντι	VERB	V-	Case=Dat|Gender=Masc|Number=Sing|Tense=Pres|VerbForm=Part|Voice=Act	ἀθυμέω	advcl	64
8	60	καὶ	CCONJ	C-		καί	cc	59
8	61	μεμονωμένῳ	VERB	V-	Case=Dat|Gender=Masc|Number=Sing|Tense=Pres|VerbForm=Part|Voice=Pass	μεμονωμένῳ	conj	59
8	62	τῶν	DET	S-	Case=Gen|Definite=Def|Number=Plur|PronType=Dem	ὁ	det	63
8	63	βοηθησόντων	VERB	V-	Case=Nom|Gender=Masc|Number=Plur|Tense=Fut|VerbForm=Part|Voice=Act	βοηθέω	dep	59
8	64	σύγγνωτε	VERB	V-	Aspect=Perf|Mood=Imp|Number=Plur|Person=2|Tense=Past|VerbForm=Fin|Voice=Pass	συγγιγνώσκω	ROOT	64
8	65	τῆς	DET	S-	Case=Gen|Definite=Def|Gender=Fem|Number=Sing|PronType=Dem	ὁ	det	67
8	66	δικαίας	ADJ	A-	Case=Gen|Degree=Pos|Gender=Fem|Number=Sing	δίκαιος	amod	67
8	67	ὀργῆς	NOUN	Nb	Case=Gen|Gender=Fem|Number=Sing	ὀργή	iobj	64
8	68	·	PUNCT	Z		·	punct	64
8	69	οὐ	ADV	Df	Polarity=Neg	οὐ	advmod	79
8	70	γὰρ	ADV	Df		γάρ	discourse	79
8	71	περὶ	ADP	R-		περί	case	72
8	72	μικρὰ	ADJ	A-	Case=Acc|Degree=Pos|Gender=Neut|Number=Plur	μικρός	advmod	79
8	73	καὶ	CCONJ	C-		καί	cc	72
8	74	τὰ	DET	S-	Case=Acc|Definite=Def|Gender=Neut|Number=Plur|PronType=Dem	ὁ	det	75
8	75	τυχόντα	VERB	V-	Aspect=Perf|Case=Acc|Gender=Neut|Number=Plur|Tense=Past|VerbForm=Part|Voice=Act	τυγχάνω	conj	72
8	76	ἐστὶν	AUX	V-	Mood=Ind|Number=Sing|Person=3|Tense=Pres|VerbForm=Fin|Voice=Act	εἰμί	cop	72
8	77	ὁ	DET	S-	Case=Nom|Definite=Def|Gender=Masc|Number=Sing|PronType=Dem	ὁ	det	78
8	78	κίνδυνος	NOUN	Nb	Case=Nom|Gender=Masc|Number=Sing	κίνδυνος	nsubj	72
8	79	,	PUNCT	Z		,	ROOT	79
8	80	ἀφαιρουμένῳ	VERB	V-	Case=Dat|Gender=Masc|Number=Sing|Tense=Pres|VerbForm=Part|Voice=Mid	ἀφαιρουμένῳ	advcl	79
8	81	τῶν	DET	S-	Case=Gen|Definite=Def|Gender=Neut|Number=Plur|PronType=Dem	ὁ	det	82
8	82	συνήθων	ADJ	A-	Case=Gen|Degree=Pos|Number=Plur	συνήθης	iobj	80
8	83	καὶ	CCONJ	C-		καί	cc	82
8	84	συνεσχολακότων	VERB	V-	Aspect=Perf|Case=Gen|Gender=Masc|Number=Plur|Tense=Past|VerbForm=Part|Voice=Act	συσχολάζω	acl	86
8	85	μοι	PRON	Pp	Case=Dat|Gender=Masc|Number=Sing|Person=1|PronType=Prs	ἐγώ	iobj	84
8	86	γραμμάτων	NOUN	Nb	Case=Gen|Gender=Neut|Number=Plur	γράμμα	conj	82
8	87	.	PUNCT	Z		.	punct	79
8	88	γραμμμάτων	NOUN	Nb	Case=Gen|Gender=Neut|Number=Plur	γραμμμάτω	nmod	89
8	89	MSS	ADV	Nb		MSS	ROOT	89
8	90	:	CCONJ	C-		:	dep	89
8	91	χρημάτων	NOUN	Nb	Case=Gen|Gender=Neut|Number=Plur	χρῆμα	dep	92
8	92	du	ADV	Df		du	dep	89
8	93	Soul.	PUNCT	Z		Soul.	punct	89
8	94	κίσσαν	NOUN	Nb	Case=Acc|Gender=Fem|Number=Sing	κίις	xcomp	96
8	95	μου	PRON	Pp	Case=Gen|Gender=Masc|Number=Sing|Person=1|PronType=Prs	ἐγώ	det	94
8	96	,	PUNCT	Z		,	ROOT	96
8	97	λάλον	ADJ	A-	Case=Nom|Degree=Pos|Gender=Neut|Number=Sing	λάλος	amod	98
8	98	ὄρνεον	NOUN	Nb	Case=Acc|Gender=Neut|Number=Sing	ὄρνεον	appos	96
8	99	,	PUNCT	Z		,	punct	96
8	100	ἐκ	ADP	R-		ἐκ	case	104
8	101	μέσων	ADJ	A-	Case=Gen|Degree=Pos|Gender=Neut|Number=Plur	μέσος	det	104
8	102	ὡς	ADV	Df		ὡς	advmod	104
8	103	ἔπος	NOUN	Nb	Case=Acc|Gender=Neut|Number=Sing	ἔπος	obj	104
8	104	εἰπεῖν	VERB	V-	Aspect=Perf|Tense=Past|VerbForm=Inf|Voice=Act	λέγω	advcl	109
8	105	τῶν	DET	S-	Case=Gen|Definite=Def|Gender=Neut|Number=Plur|PronType=Dem	ὁ	det	106
8	106	κόλπων	NOUN	Nb	Case=Gen|Gender=Neut|Number=Plur	κόλπος	dep	104
8	107	ἁρπάσαν	VERB	V-	Aspect=Perf|Case=Nom|Gender=Neut|Number=Sing|Tense=Past|VerbForm=Part|Voice=Act	ἁρπάσαν	advcl	109
8	108	κίτταν	NOUN	Nb	Case=Acc|Gender=Fem|Number=Sing	κίττης	xcomp	109
8	109	ὠνόμασεν	VERB	V-	Aspect=Perf|Mood=Ind|Number=Sing|Person=3|Tense=Past|VerbForm=Fin|Voice=Act	ὀνομάζω	ROOT	109
8	110	·	PUNCT	Z		·	punct	109
8	111	ἀφείλετο	VERB	V-	Aspect=Perf|Mood=Ind|Number=Sing|Person=3|Tense=Past|VerbForm=Fin|Voice=Mid	ἀφαιρέω	ROOT	111
8	112	δέ	ADV	Df		δέ	discourse	111
8	113	μου	PRON	Pp	Case=Gen|Gender=Masc|Number=Sing|Person=1|PronType=Prs	ἐγώ	iobj	111
8	114	φάσσαν	NOUN	Nb	Case=Acc|Gender=Fem|Number=Sing	φάσσα	obj	111
8	115	ἅμα	ADP	R-		ἅμα	case	116
8	116	νήσσαις	NOUN	Nb	Case=Dat|Gender=Fem|Number=Plur	νήσση	nmod	114
8	117	τε	CCONJ	C-		τε	cc	116
8	118	καὶ	CCONJ	C-		καί	cc	116
8	119	κοσσύφοις	NOUN	Nb	Case=Dat|Gender=Masc|Number=Plur	κοσσύφω	conj	116
8	120	ἀπαγορεύοντος	VERB	V-	Case=Gen|Gender=Masc|Number=Sing|Tense=Pres|VerbForm=Part|Voice=Act	ἀπαγορεύω	advcl	111
8	121	Ἀριστάρχου	PROPN	Ne	Case=Gen|Gender=Masc|Number=Sing	Ἀρίσταρχος	nsubj	120
8	122	·	PUNCT	Z		·	punct	111
8	123	περιέσπασε	VERB	V-	Aspect=Perf|Mood=Ind|Number=Sing|Person=3|Tense=Past|VerbForm=Fin|Voice=Act	περιέσπασε	ROOT	123
8	124	δὲ	ADV	Df		δέ	discourse	123
8	125	καὶ	CCONJ	C-		καί	cc	123
8	126	μελισσῶν	NOUN	Nb	Case=Gen|Gender=Fem|Number=Plur	μέλισσα	dep	128
8	127	οὐκ	ADV	Df	Polarity=Neg	οὐ	advmod	128
8	128	ὀλίγας	ADJ	A-	Case=Acc|Degree=Pos|Gender=Fem|Number=Plur	ὀλίγος	obj	123
8	129	·	PUNCT	Z		·	punct	123
8	130	ἐπʼ	ADP	R-		ἐπί	case	131
8	131	Ἀττικὴν	PROPN	Ne	Case=Acc|Gender=Fem|Number=Sing	Ἀττική	obl	133
8	132	δὲ	ADV	Df		δέ	discourse	133
8	133	ἦλθε	VERB	V-	Aspect=Perf|Mood=Ind|Number=Sing|Person=3|Tense=Past|VerbForm=Fin|Voice=Act	ἔρχομαι	ROOT	133
8	134	καὶ	CCONJ	C-		καί	cc	133
8	135	ἐκ	ADP	R-		ἐκ	case	136
8	136	μέσης	ADJ	A-	Case=Gen|Degree=Pos|Gender=Fem|Number=Sing	μέσος	obl	138
8	137	αὐτῆς	PRON	Pp	Case=Gen|Gender=Fem|Number=Sing|Person=3|PronType=Prs	αὐτός	det	136
8	138	ἀνήρπασεν	VERB	V-	Aspect=Perf|Mood=Ind|Number=Sing|Person=3|Tense=Past|VerbForm=Fin|Voice=Act	ἀναρπάζω	conj	133
8	139	ἀνόμως	ADV	Df	Degree=Pos	ἀνόμως	advmod	138
8	140	Ὑμησσὸν	PROPN	Ne	Case=Acc|Gender=Masc|Number=Sing	Ὑμηττός	obj	138
8	141	Ὑμησσὸν	PROPN	Ne	Case=Acc|Gender=Masc|Number=Sing	Ὑμηττός	appos	140
8	142	Herwerden	VERB	V-	Case=Acc|Gender=Masc|Number=Sing|Tense=Pres|VerbForm=Part|Voice=Act	Herwerden	dep	138
8	143	:	ADV	Df		:	cc	133
8	144	Ὑμηττὸν	PROPN	Ne	Case=Acc|Gender=Neut|Number=Sing	Ὑμηττός	nsubj	133
8	145	MSS.	PUNCT	Z		MSS.	punct	133
8	146	ὁρώντων	VERB	V-	Case=Gen|Gender=Masc|Number=Plur|Tense=Pres|VerbForm=Part|Voice=Act	ὁράω	ROOT	146
8	147	ὑμῶν	PRON	Pp	Case=Gen|Gender=Masc|Number=Plur|Person=2|PronType=Prs	ὑμεῖς	nsubj	146
8	148	καὶ	CCONJ	C-		καί	cc	147
8	149	τῶν	DET	S-	Case=Gen|Definite=Def|Number=Plur|PronType=Dem	ὁ	det	151
8	150	ἄλλων	ADJ	A-	Case=Gen|Degree=Pos|Gender=Masc|Number=Plur	ἄλλος	amod	151
8	151	συλλαβῶν	VERB	V-	Aspect=Perf|Case=Nom|Gender=Masc|Number=Sing|Tense=Past|VerbForm=Part|Voice=Act	συλλαβή	conj	147
8	152	.	PUNCT	Z		.	punct	146
9	0	 	CCONJ	V-		 	case	2
9	1	ἀλλὰ	CCONJ	C-		ἀλλά	cc	3
9	2	τί	PRON	Pi	Case=Acc|Gender=Neut|Number=Sing|PronType=Int	τίς	obl	3
9	3	λέγω	VERB	V-	Mood=Ind|Number=Sing|Person=1|Tense=Pres|VerbForm=Fin|Voice=Act	λέγω	ROOT	3
9	4	ταῦτα	ADJ	Pd	Case=Acc|Gender=Neut|Number=Plur	οὗτος	obj	3
9	5	;	PUNCT	Z		;	punct	3
9	6	Θεσσαλίας	PROPN	Ne	Case=Gen|Gender=Fem|Number=Sing	Θεσσαλία	iobj	8
9	7	με	PRON	Pp	Case=Acc|Gender=Masc|Number=Sing|Person=1|PronType=Prs	ἐγώ	obj	8
9	8	ἐξέβαλεν	VERB	V-	Aspect=Perf|Mood=Ind|Number=Sing|Person=3|Tense=Past|VerbForm=Fin|Voice=Act	ἐκβάλλω	ROOT	8
9	9	ὅλης	ADJ	A-	Case=Gen|Degree=Pos|Gender=Fem|Number=Sing	ὅλος	dep	8
9	10	Θετταλίαν	PROPN	Ne	Case=Acc|Gender=Fem|Number=Sing	Θεσσαλία	obj	12
9	11	ἀξιοῦν	VERB	V-	Tense=Pres|VerbForm=Inf|Voice=Act	ἀξιόω	acl	7
9	12	λέγειν	VERB	V-	Tense=Pres|VerbForm=Inf|Voice=Act	λέγω	xcomp	11
9	13	,	PUNCT	Z		,	appos	7
9	14	καὶ	CCONJ	C-		καί	cc	16
9	15	πᾶσαν	DET	Px	Case=Acc|Gender=Fem|Number=Sing	πᾶς	det	19
9	16	ἀποκέκλεικέ	VERB	V-	Aspect=Perf|Mood=Ind|Number=Sing|Person=3|Tense=Past|VerbForm=Fin|Voice=Act	ἀποκέκλεικα	ROOT	16
9	17	μοι	PRON	Pp	Case=Dat|Gender=Masc|Number=Sing|Person=1|PronType=Prs	ἐγώ	iobj	16
9	18	τὴν	DET	S-	Case=Acc|Definite=Def|Gender=Fem|Number=Sing|PronType=Dem	ὁ	det	19
9	19	θάλασσαν	NOUN	Nb	Case=Acc|Gender=Fem|Number=Sing	θάλασσα	obj	16
9	20	οὐδὲ	CCONJ	C-		οὐδέ	cc	24
9	21	τῶν	DET	S-	Case=Gen|Definite=Def|Gender=Neut|Number=Plur|PronType=Dem	ὁ	det	23
9	22	ἐν	ADP	R-		ἐν	case	23
9	23	κήποις	NOUN	Nb	Case=Dat|Gender=Neut|Number=Plur	κῆπος	iobj	24
9	24	φεισάμενον	VERB	V-	Aspect=Perf|Case=Acc|Gender=Masc|Number=Sing|Tense=Past|VerbForm=Part|Voice=Mid	φείδομαι	advcl	16
9	25	σευτλίων	NOUN	Nb	Case=Gen|Gender=Neut|Number=Plur	σευτλίω	iobj	24
9	26	,	PUNCT	Z		,	dep	16
9	27	ὡς	ADV	Df		ὡς	advmod	34
9	28	τὸ	DET	S-	Case=Acc|Definite=Def|Gender=Neut|Number=Sing|PronType=Dem	ὁ	det	30
9	29	δὴ	ADV	Df		δή	discourse	30
9	30	λεγόμενον	VERB	V-	Case=Acc|Gender=Neut|Number=Sing|Tense=Pres|VerbForm=Part|Voice=Pass	λέγω	obl	34
9	31	μηδὲ	CCONJ	C-		μηδέ	cc	32
9	32	πάσσαλόν	NOUN	Nb	Case=Acc|Gender=Masc|Number=Sing	πάσσαλός	obj	34
9	33	μοι	PRON	Pp	Case=Dat|Gender=Masc|Number=Sing|Person=1|PronType=Prs	ἐγώ	iobj	34
9	34	καταλιπεῖν	VERB	V-	Aspect=Perf|Tense=Past|VerbForm=Inf|Voice=Act	καταλείπω	advcl	16
9	35	.	PUNCT	Z		.	punct	16
9	36	ὅτι	SCONJ	G-		ὅτι	dep	40
9	37	δὲ	ADV	Df		δέ	discourse	40
9	38	ἀνεξίκακόν	ADJ	A-	Case=Nom|Degree=Pos|Gender=Neut|Number=Sing	ἀνεξίκακός	advmod	40
9	39	εἰμι	AUX	V-	Mood=Ind|Number=Sing|Person=1|Tense=Pres|VerbForm=Fin|Voice=Act	εἰμί	cop	40
9	40	γράμμα	NOUN	Nb	Case=Nom|Gender=Neut|Number=Sing	γράμμα	ROOT	40
9	41	,	PUNCT	Z		,	punct	40
9	42	μαρτυρεῖτέ	VERB	V-	Mood=Ind|Number=Plur|Person=2|Tense=Pres|VerbForm=Fin|Voice=Act	μαρτυρέω	ROOT	42
9	43	μοι	PRON	Pp	Case=Dat|Gender=Masc|Number=Sing|Person=1|PronType=Prs	ἐγώ	iobj	42
9	44	καὶ	ADV	Df		καί	advmod	45
9	45	αὐτοὶ	ADJ	Pd	Case=Nom|Gender=Masc|Number=Plur	αὐτός	nsubj	42
9	46	μηδέποτε	ADV	Df	Polarity=Neg	μηδέποτε	advmod	47
9	47	ἐγκαλέσαντι	VERB	V-	Aspect=Perf|Case=Dat|Gender=Masc|Number=Sing|Tense=Past|VerbForm=Part|Voice=Act	ἐγκαλέσαν	advcl	42
9	48	τῷ	DET	S-	Case=Dat|Definite=Def|Gender=Masc|Number=Sing|PronType=Dem	ὁ	det	49
9	49	Ζῆτα	PROPN	Ne	Case=Dat|Gender=Masc|Number=Sing	Ζῆτα	iobj	47
9	50	σμάραγδον	NOUN	Nb	Case=Acc|Gender=Masc|Number=Sing	σμάραγδος	obj	51
9	51	ἀποσπάσαντι	VERB	V-	Aspect=Perf|Case=Dat|Gender=Masc|Number=Sing|Tense=Past|VerbForm=Part|Voice=Act	ἀποσπάσαις	conj	47
9	52	καὶ	CCONJ	C-		καί	cc	51
9	53	πᾶσαν	DET	Px	Case=Acc|Gender=Fem|Number=Sing	πᾶς	det	55
9	54	ἀφελομένῳ	VERB	V-	Aspect=Perf|Case=Dat|Gender=Masc,Neut|Number=Sing|Tense=Past|VerbForm=Part|Voice=Act	ἀφαιρέω	conj	51
9	55	Σμύρναν	NOUN	Nb	Case=Acc|Gender=Fem|Number=Sing	Σμύρνη	obj	54
9	56	,	PUNCT	Z		,	dep	42
9	57	μηδὲ	CCONJ	C-		μηδέ	cc	56
9	58	τῷ	DET	S-	Case=Dat|Definite=Def|Gender=Masc|Number=Sing|PronType=Dem	ὁ	det	59
9	59	Ξῖ	PROPN	Ne		Ξῖ	iobj	61
9	60	πᾶσαν	DET	Px	Case=Acc|Gender=Fem|Number=Sing	πᾶς	det	62
9	61	παραβάντι	VERB	V-	Aspect=Perf|Case=Dat|Gender=Masc|Number=Sing|Tense=Past|VerbForm=Part|Voice=Act	παραβάντι	conj	56
9	62	συνθήκην	NOUN	Nb	Case=Acc|Gender=Fem|Number=Sing	συνθήκη	obj	61
9	63	καὶ	CCONJ	C-		καί	cc	61
9	64	τὸν	DET	S-	Case=Acc|Definite=Def|Gender=Masc|Number=Sing|PronType=Dem	ὁ	det	65
9	65	συγγραφέα	NOUN	Nb	Case=Acc|Gender=Masc|Number=Sing	συγγραφεύς	obj	68
9	66	τῶν	DET	S-	Case=Gen|Definite=Def|Number=Plur|PronType=Dem	ὁ	det	67
9	67	τοιούτων	ADJ	Pd	Case=Gen|Gender=Neut|Number=Plur	τοιοῦτος	nmod	65
9	68	ἔχοντι	VERB	V-	Case=Dat|Gender=Masc|Number=Sing|Tense=Pres|VerbForm=Part|Voice=Act	ἔχω	conj	61
9	69	Θουκυδίδην	PROPN	Ne	Case=Acc|Gender=Masc|Number=Sing	Θουκυδίδης	obj	68
9	70	σύμμαχον	ADJ	A-	Case=Acc|Degree=Pos|Gender=Masc|Number=Sing	σύμμαχος	amod	69
9	71	·	PUNCT	Z		·	punct	42
9	72	τῷ	DET	S-	Case=Dat|Definite=Def|Gender=Masc|Number=Sing|PronType=Dem	ὁ	det	79
9	73	μὲν	ADV	Df		μέν	discourse	79
9	74	γὰρ	ADV	Df		γάρ	discourse	75
9	75	γείτονί	NOUN	Nb	Case=Dat|Gender=Masc|Number=Sing	γείτονί	orphan	79
9	76	μου	PRON	Pp	Case=Gen|Gender=Masc|Number=Sing|Person=1|PronType=Prs	ἐγώ	det	75
9	77	Ῥῶ	NOUN	Ne	Case=Dat|Gender=Masc|Number=Sing	Ῥῶ	appos	75
9	78	νοσήσαντι	VERB	V-	Aspect=Perf|Case=Dat|Gender=Masc|Number=Sing|Tense=Past|VerbForm=Part|Voice=Act	νοσήσαις	acl	75
9	79	συγγνώμη	NOUN	Nb	Case=Nom|Gender=Fem|Number=Sing	συγγνώμη	ROOT	79
9	80	,	PUNCT	Z		,	dep	79
9	81	καὶ	CCONJ	C-		καί	cc	80
9	82	παρʼ	ADP	R-		παρά	case	83
9	83	αὐτῷ	PRON	Pp	Case=Dat|Gender=Masc|Number=Sing|Person=3|PronType=Prs	αὐτός	obl	84
9	84	φυτεύσαντί	VERB	V-	Aspect=Perf|Case=Dat|Gender=Masc|Number=Sing|Tense=Past|VerbForm=Part|Voice=Act	φυτέω	conj	80
9	85	μου	PRON	Pp	Case=Gen|Gender=Masc|Number=Sing|Person=1|PronType=Prs	ἐγώ	det	87
9	86	τὰς	DET	S-	Case=Acc|Definite=Def|Gender=Fem|Number=Plur|PronType=Dem	ὁ	det	87
9	87	μυρρίνας	NOUN	Nb	Case=Acc|Gender=Fem|Number=Plur	μυρσίνη	obj	84
9	88	καὶ	CCONJ	C-		καί	cc	84
9	89	παίσαντί	VERB	V-	Aspect=Perf|Case=Dat|Gender=Masc|Number=Sing|Tense=Past|VerbForm=Part|Voice=Act	παίσαντί	conj	84
9	90	μέ	PRON	Pp	Case=Acc|Gender=Masc|Number=Sing|Person=1|PronType=Prs	ἐγώ	obj	89
9	91	ποτε	ADV	Df		ποτε	advmod	89
9	92	ὑπὸ	ADP	R-		ὑπό	case	93
9	93	μελαγχολίας	NOUN	Nb	Case=Gen|Gender=Fem|Number=Sing	μελαγχολία	obl	89
9	94	ἐπὶ	ADP	R-		ἐπί	case	95
9	95	κόρρης	NOUN	Nb	Case=Gen|Gender=Fem|Number=Sing	κόρση	obl	89
9	96	.	PUNCT	Z		.	punct	79
9	97	κἀ	PRON	Pp	Case=Nom|Gender=Masc|Number=Sing|Person=1|PronType=Prs	κἀ	nsubj	100
9	98	γὼ	PRON	Pp	Case=Nom|Gender=Masc|Number=Sing|Person=1|PronType=Prs	γὼ	nsubj	100
9	99	μὲν	ADV	Df		μέν	discourse	100
9	100	τοιοῦτον	ADJ	Pd	Case=Acc|Gender=Neut|Number=Sing	τοιοῦτος	ROOT	100
9	101	.	PUNCT	Z		.	punct	100
10	0	 	CCONJ	V-		 	ROOT	0
10	1	τὸ	DET	S-	Case=Acc|Definite=Def|Gender=Neut|Number=Sing|PronType=Dem	ὁ	det	5
10	2	δὲ	ADV	Df		δέ	discourse	5
10	3	Ταῦ	PROPN	Ne		Ταῦ	nsubj	5
10	4	τοῦτο	DET	Pd	Case=Acc|Gender=Neut|Number=Sing	οὗτος	det	3
10	5	σκοπῶμεν	VERB	V-	Mood=Sub|Number=Plur|Person=1|Tense=Pres|VerbForm=Fin|Voice=Act	σκοπέω	ROOT	5
10	6	ὡς	SCONJ	Df		ὡς	advmod	8
10	7	φύσει	NOUN	Nb	Case=Dat|Gender=Fem|Number=Sing	φύσις	obl	8
10	8	βίαιον	ADJ	A-	Case=Nom|Degree=Pos|Gender=Neut|Number=Sing	βίαιος	ccomp	5
10	9	καὶ	CCONJ	C-		καί	cc	8
10	10	πρὸς	ADP	R-		πρός	case	12
10	11	τὰ	DET	S-	Case=Acc|Definite=Def|Gender=Neut|Number=Plur|PronType=Dem	ὁ	det	12
10	12	λοιπά	ADJ	A-	Case=Acc|Degree=Pos|Gender=Neut|Number=Plur	λοιπός	conj	8
10	13	.	PUNCT	Z		.	punct	5
10	14	ὅτι	SCONJ	G-		ὅτι	dep	21
10	15	δὲ	ADV	Df		δέ	discourse	21
10	16	οὐδὲ	ADV	Df	Polarity=Neg	οὐδέ	advmod	19
10	17	τῶν	DET	S-	Case=Gen|Definite=Def|Gender=Neut|Number=Plur|PronType=Dem	ὁ	det	20
10	18	ἄλλων	ADJ	A-	Case=Gen|Degree=Pos|Gender=Neut|Number=Plur	ἄλλος	advmod	19
10	19	ἀπέσχετο	VERB	V-	Aspect=Perf|Mood=Ind|Number=Sing|Person=3|Tense=Past|VerbForm=Fin|Voice=Mid	ἀπέχω	ccomp	21
10	20	γραμμάτων	NOUN	Nb	Case=Gen|Gender=Neut|Number=Plur	γράμμα	iobj	19
10	21	,	PUNCT	Z		,	ROOT	21
10	22	ἀλλὰ	CCONJ	C-		ἀλλά	cc	21
10	23	καὶ	CCONJ	C-		καί	advmod	25
10	24	τὸ	DET	S-	Case=Nom|Definite=Def|Gender=Neut|Number=Sing|PronType=Dem	ὁ	det	25
10	25	Δέλτα	NOUN	Ne		Δέλτα	nsubj:pass	32
10	26	καὶ	CCONJ	C-		καί	cc	25
10	27	τὸ	DET	S-	Case=Nom|Definite=Def|Gender=Neut|Number=Sing|PronType=Dem	ὁ	det	28
10	28	Θῆτα	PROPN	Nb		Θῆτα	conj	25
10	29	καὶ	CCONJ	C-		καί	cc	25
10	30	τὸ	DET	S-	Case=Nom|Definite=Def|Gender=Neut|Number=Sing|PronType=Dem	ὁ	det	31
10	31	Ζῆτα	NOUN	Ne		Ζῆτα	conj	25
10	32	,	PUNCT	Z		,	advmod	36
10	33	μικροῦ	ADV	A-	Degree=Pos	μικρός	advmod	34
10	34	δεῖν	ADV	Df		δεῖ	amod	32
10	35	πάντα	DET	Px	Case=Acc|Gender=Neut|Number=Plur	πᾶς	det	38
10	36	ἠδίκησε	VERB	V-	Aspect=Perf|Mood=Ind|Number=Sing|Person=3|Tense=Past|VerbForm=Fin|Voice=Act	ἀδικέω	conj	21
10	37	τὰ	DET	S-	Case=Acc|Definite=Def|Gender=Neut|Number=Plur|PronType=Dem	ὁ	det	38
10	38	στοιχεῖα	NOUN	Nb	Case=Acc|Gender=Neut|Number=Plur	στοιχεῖον	obj	36
10	39	,	PUNCT	Z		,	punct	21
10	40	αὐτά	DET	Pd	Case=Acc|Gender=Neut|Number=Plur	αὐτός	det	45
10	41	μοι	PRON	Pp	Case=Dat|Gender=Masc|Number=Sing|Person=1|PronType=Prs	ἐγώ	iobj	42
10	42	κάλει	VERB	V-	Mood=Ind|Number=Sing|Person=3|Tense=Pres|VerbForm=Fin|Voice=Act	καλέω	ROOT	42
10	43	τὰ	DET	S-	Case=Acc|Definite=Def|Gender=Neut|Number=Plur|PronType=Dem	ὁ	det	45
10	44	ἀδικηθέντα	VERB	V-	Aspect=Perf|Case=Acc|Gender=Neut|Number=Plur|Tense=Past|VerbForm=Part|Voice=Pass	ἀδικηθέντος	acl	45
10	45	γράμματα	NOUN	Nb	Case=Acc|Gender=Neut|Number=Plur	γράμμα	obj	42
10	46	.	PUNCT	Z		.	punct	42
10	47	ἀκούετε	VERB	V-	Mood=Imp|Number=Plur|Person=2|Tense=Pres|VerbForm=Fin|Voice=Act	ἀκούω	ROOT	47
10	48	,	PUNCT	Z		,	punct	47
10	49	Φωνήεντα	NOUN	A-	Case=Voc|Gender=Neut|Number=Plur	Φωνήεις	ROOT	49
10	50	δικασταί	NOUN	Nb	Case=Voc|Gender=Masc|Number=Plur	δικαστής	vocative	49
10	51	,	PUNCT	Z		,	ROOT	51
10	52	τοῦ	DET	S-	Case=Gen|Definite=Def|Gender=Masc,Neut|Number=Sing|PronType=Dem	ὁ	det	55
10	53	μὲν	ADV	Df		μέν	discourse	55
10	54	Δέλτα	NOUN	Ne	Case=Gen|Gender=Neut|Number=Sing	Δέλτα	nsubj	55
10	55	λέγοντος	VERB	V-	Case=Gen|Gender=Masc|Number=Sing|Tense=Pres|VerbForm=Part|Voice=Act	λέγω	conj	51
10	56	·	PUNCT	Z		·	punct	55
10	57	ἀφείλετό	VERB	V-	Aspect=Perf|Mood=Ind|Number=Sing|Person=3|Tense=Past|VerbForm=Fin|Voice=Mid	ἀφείλετό	ROOT	57
10	58	μου	PRON	Pp	Case=Gen|Gender=Masc|Number=Sing|Person=1|PronType=Prs	ἐγώ	det	60
10	59	τὴν	DET	S-	Case=Acc|Definite=Def|Gender=Fem|Number=Sing|PronType=Dem	ὁ	det	60
10	60	ἐνδελέχειαν	NOUN	Nb	Case=Acc|Gender=Fem|Number=Sing	ἐνδελέχεια	obj	57
10	61	,	PUNCT	Z		,	punct	57
10	62	ἐντελέχειαν	NOUN	Nb	Case=Acc|Gender=Fem|Number=Sing	ἐντελέχεια	xcomp	63
10	63	ἀξιοῦν	VERB	V-	Tense=Pres|VerbForm=Inf|Voice=Act	ἀξιόω	ROOT	63
10	64	λέγεσθαι	VERB	V-	Tense=Pres|VerbForm=Inf|Voice=Pass	λέγω	xcomp	63
10	65	παρὰ	ADP	R-		παρά	case	68
10	66	πάντας	DET	Px	Case=Acc|Gender=Masc|Number=Plur	πᾶς	det	68
10	67	τοὺς	DET	S-	Case=Acc|Definite=Def|Gender=Masc|Number=Plur|PronType=Dem	ὁ	det	68
10	68	νόμους	NOUN	Nb	Case=Acc|Gender=Masc|Number=Plur	νόμος	obl	64
10	69	·	PUNCT	Z		·	punct	63
10	70	τοῦ	DET	S-	Case=Gen|Definite=Def|Gender=Masc|Number=Sing|PronType=Dem	ὁ	det	71
10	71	Θῆτα	PROPN	Ne		Θῆτα	nsubj	72
10	72	δακρύοντος	VERB	V-	Case=Gen|Gender=Masc|Number=Sing|Tense=Pres|VerbForm=Part|Voice=Act	δακρύω	ROOT	72
10	73	δακρύοντος	VERB	V-	Case=Gen|Gender=Masc|Number=Sing|Tense=Pres|VerbForm=Part|Voice=Act	δακρύοντος	advcl	72
10	74	Κ	NUM	Df		Κ	nsubj	73
10	75	.	PUNCT	Z		.	punct	72
10	76	Schwartz	PROPN	Ne	Case=Nom|Gender=Masc|Number=Sing	Schwartz	ROOT	76
10	77	:	ADV	Df		:	discourse	76
10	78	κρούοντος	VERB	V-	Case=Gen|Gender=Masc|Number=Sing|Tense=Pres|VerbForm=Part|Voice=Act	κρούω	conj	76
10	79	MSS.	PUNCT	Z		MSS.	punct	76
10	80	καὶ	CCONJ	C-		καί	cc	85
10	81	τῆς	DET	S-	Case=Gen|Definite=Def|Gender=Fem|Number=Sing|PronType=Dem	ὁ	det	82
10	82	κεφαλῆς	NOUN	Nb	Case=Gen|Gender=Fem|Number=Sing	κεφαλή	nmod	84
10	83	τὰς	DET	S-	Case=Acc|Definite=Def|Gender=Fem|Number=Plur|PronType=Dem	ὁ	det	84
10	84	τρίχας	NOUN	Nb	Case=Acc|Gender=Fem|Number=Plur	θρίξ	obj	85
10	85	τίλλοντος	VERB	V-	Case=Gen|Gender=Masc|Number=Sing|Tense=Pres|VerbForm=Part|Voice=Act	τίλλονς	ROOT	85
10	86	ἐπὶ	ADP	R-		ἐπί	case	91
10	87	τῷ	DET	S-	Case=Dat|Definite=Def|Gender=Neut|Number=Sing|PronType=Dem	ὁ	det	91
10	88	καὶ	ADV	Df		καί	advmod	91
10	89	τῆς	DET	S-	Case=Gen|Definite=Def|Gender=Fem|Number=Sing|PronType=Dem	ὁ	det	90
10	90	κολοκύνθης	NOUN	Nb	Case=Gen|Gender=Fem|Number=Sing	κολοκύνθη	iobj	91
10	91	ἐστερῆσθαι	VERB	V-	Aspect=Perf|Tense=Past|VerbForm=Inf|Voice=Pass	στερέω	advcl	85
10	92	·	PUNCT	Z		·	punct	85
10	93	τοῦ	DET	S-	Case=Gen|Definite=Def|Gender=Masc|Number=Sing|PronType=Dem	ὁ	det	94
10	94	Ζῆτα	NOUN	Ne		Ζῆτα	ROOT	94
10	95	,	PUNCT	Z		,	punct	94
10	96	τὸ	DET	S-	Case=Acc|Definite=Def|Gender=Neut|Number=Sing|PronType=Dem	ὁ	det	97
10	97	συρίζειν	VERB	V-	Tense=Pres|VerbForm=Inf|Voice=Act	συρίζω	ROOT	97
10	98	καὶ	CCONJ	C-		καί	cc	97
10	99	σαλπίζειν	VERB	V-	Tense=Pres|VerbForm=Inf|Voice=Act	σαλπίζω	conj	97
10	100	,	PUNCT	Z		,	ROOT	100
10	101	ὡς	ADV	Df		ὡς	advmod	104
10	102	μηκέτʼ	ADV	Df	Polarity=Neg	μηκέτι	advmod	104
10	103	αὐτῷ	PRON	Pp	Case=Dat|Gender=Masc|Number=Sing|Person=3|PronType=Prs	αὐτός	iobj	104
10	104	ἐξεῖναι	VERB	V-	Tense=Pres|VerbForm=Inf|Voice=Act	ἔξεστι	advcl	100
10	105	μηδὲ	CCONJ	C-		μηδέ	cc	104
10	106	γρύζειν	VERB	V-	Tense=Pres|VerbForm=Inf|Voice=Act	γρύζω	conj	104
10	107	.	PUNCT	Z		.	punct	100
10	108	τίς	PRON	Pi	Case=Nom|Gender=Masc|Number=Sing|PronType=Int	τίς	nsubj	111
10	109	ἂν	ADV	Df		ἄν	advmod	111
10	110	τούτων	ADJ	Pd	Case=Gen|Gender=Neut|Number=Plur	οὗτος	iobj	111
10	111	ἀνάσχοιτο	VERB	V-	Aspect=Perf|Mood=Opt|Number=Sing|Person=3|Tense=Past|VerbForm=Fin|Voice=Mid	ἀνάσχω	ROOT	111
10	112	;	PUNCT	Z		;	punct	111
10	113	ἢ	CCONJ	C-		ἤ	cc	115
10	114	τίς	PRON	Pi	Case=Nom|Gender=Fem,Masc|Number=Sing|PronType=Int	τίς	det	116
10	115	ἐξαρκέσειε	VERB	V-	Aspect=Perf|Mood=Opt|Number=Sing|Person=3|Tense=Past|VerbForm=Fin|Voice=Act	ἐξαρκέω	ROOT	115
10	116	δίκη	NOUN	Nb	Case=Nom|Gender=Fem|Number=Sing	δίκη	nsubj	115
10	117	πρὸς	ADP	R-		πρός	case	119
10	118	τὸ	DET	S-	Case=Acc|Definite=Def|Gender=Neut|Number=Sing|PronType=Dem	ὁ	det	119
10	119	πονηρότατον	ADJ	A-	Case=Acc|Degree=Sup|Gender=Neut|Number=Sing	πονηρός	obl	115
10	120	τουτὶ	DET	Pd	Case=Acc|Gender=Neut|Number=Sing	οὗτος	det	119
10	121	Ταῦ	NOUN	Ne		Ταῦς	nmod	119
10	122	;	PUNCT	Z	PronType=Int	;	cc	115
11	0	 	CCONJ	V-		 	ROOT	0
11	1	τὸ	DET	S-	Case=Nom|Definite=Def|Gender=Neut|Number=Sing|PronType=Dem	ὁ	det	6
11	2	δὲ	ADV	Df		δέ	discourse	10
11	3	ἄρα	ADV	Df		ἆρα	discourse	10
11	4	οὐ	ADV	Df	Polarity=Neg	οὐ	advmod	6
11	5	τὸ	DET	S-	Case=Acc|Definite=Def|Gender=Neut|Number=Sing|PronType=Dem	ὁ	det	6
11	6	ὁμόφυλον	ADJ	A-	Case=Nom|Degree=Pos|Gender=Neut|Number=Sing	ὁμόφυλος	nsubj	10
11	7	τῶν	DET	S-	Case=Gen|Definite=Def|Gender=Neut|Number=Plur|PronType=Dem	ὁ	det	8
11	8	στοιχείων	NOUN	Nb	Case=Gen|Gender=Neut|Number=Plur	στοιχεῖον	nmod	6
11	9	μόνον	ADJ	A-	Case=Acc|Degree=Pos|Gender=Neut|Number=Sing	μόνος	advmod	10
11	10	ἀδικεῖ	VERB	V-	Mood=Ind|Number=Sing|Person=3|Tense=Pres|VerbForm=Fin|Voice=Act	ἀδικέω	ROOT	10
11	11	γένος	NOUN	Nb	Case=Acc|Gender=Neut|Number=Sing	γένος	obj	10
11	12	,	PUNCT	Z		,	parataxis	10
11	13	ἀλλʼ	CCONJ	C-		ἀλλά	cc	10
11	14	ἤδη	ADV	Df		ἤδη	advmod	19
11	15	καὶ	ADV	Df		καί	advmod	19
11	16	πρὸς	ADP	R-		πρός	case	18
11	17	τὸ	DET	S-	Case=Acc|Definite=Def|Gender=Neut|Number=Sing|PronType=Dem	ὁ	det	18
11	18	ἀνθρώπειον	ADJ	A-	Case=Acc|Degree=Pos|Gender=Neut|Number=Sing	ἀνθρώπειος	obl	19
11	19	μεταβέβηκε	VERB	V-	Aspect=Perf|Mood=Ind|Number=Sing|Person=3|Tense=Past|VerbForm=Fin|Voice=Act	μεταβαίνω	conj	10
11	20	τουτονὶ	DET	Pd	Case=Acc|Gender=Masc|Number=Sing	οὗτος	det	22
11	21	τὸν	DET	S-	Case=Acc|Definite=Def|Gender=Masc|Number=Sing|PronType=Dem	ὁ	det	22
11	22	τρόπον	NOUN	Nb	Case=Acc|Gender=Masc|Number=Sing	τρόπος	obl	19
11	23	·	PUNCT	Z		·	punct	10
11	24	οὐ	ADV	Df	Polarity=Neg	οὐ	advmod	26
11	25	γὰρ	ADV	Df		γάρ	discourse	26
11	26	ἐπιτρέπει	VERB	V-	Mood=Ind|Number=Sing|Person=3|Tense=Pres|VerbForm=Fin|Voice=Act	ἐπιτρέπω	ROOT	26
11	27	γε	ADV	Df		γε	discourse	26
11	28	αὐτοὺς	PRON	Pp	Case=Acc|Gender=Masc|Number=Plur|Person=3|PronType=Prs	αὐτός	nsubj	26
11	29	κατʼ	ADP	R-		κατά	case	30
11	30	εὐθὺ	ADV	Df	Degree=Pos	εὐθύς	advmod	31
11	31	φέρεσθαι	VERB	V-	Tense=Pres|VerbForm=Inf|Voice=Mid	φέρω	xcomp	26
11	32	ταῖς	DET	S-	Case=Dat|Definite=Def|Gender=Fem|Number=Plur|PronType=Dem	ὁ	det	33
11	33	γλώσσαις	NOUN	Nb	Case=Dat|Gender=Fem|Number=Plur	γλῶσσα	obl	31
11	34	·	PUNCT	Z		·	punct	26
11	35	μᾶλλον	ADV	Df	Degree=Cmp	μᾶλλον	advmod	37
11	36	δέ	ADV	Df		δέ	discourse	37
11	37	,	PUNCT	Z		,	ROOT	37
11	38	ὦ	INTJ	I-		ὦ	discourse	39
11	39	δικασταί	NOUN	Nb	Case=Voc|Gender=Masc|Number=Plur	δικαστής	vocative	37
11	40	,	PUNCT	Z		,	punct	37
11	41	μεταξὺ	ADV	Df		μεταξύ	advmod	49
11	42	γάρ	ADV	Df		γάρ	discourse	49
11	43	με	PRON	Pp	Case=Acc|Gender=Masc|Number=Sing|Person=1|PronType=Prs	ἐγώ	obj	49
11	44	πάλιν	ADV	Df		πάλιν	advmod	49
11	45	τὰ	DET	S-	Case=Acc|Definite=Def|Gender=Neut|Number=Plur|PronType=Dem	ὁ	det	48
11	46	τῶν	DET	S-	Case=Gen|Definite=Def|Gender=Masc|Number=Plur|PronType=Dem	ὁ	det	47
11	47	ἀνθρώπων	NOUN	Nb	Case=Gen|Gender=Masc|Number=Plur	ἄνθρωπος	nmod	48
11	48	πράγματα	NOUN	Nb	Case=Nom|Gender=Neut|Number=Plur	πρᾶγμα	obj	49
11	49	ἀνέμνησε	VERB	V-	Aspect=Perf|Mood=Ind|Number=Sing|Person=3|Tense=Past|VerbForm=Fin|Voice=Act	ἀναμιμνήσκω	ROOT	49
11	50	περὶ	ADP	R-		περί	case	52
11	51	τῆς	DET	S-	Case=Gen|Definite=Def|Gender=Fem|Number=Sing|PronType=Dem	ὁ	det	52
11	52	γλώσσης	NOUN	Nb	Case=Gen|Gender=Fem|Number=Sing	γλῶσσα	obl	49
11	53	,	PUNCT	Z		,	punct	49
11	54	καὶ	CCONJ	C-		καί	cc	56
11	55	καὶ	ADV	Df		καί	advmod	56
11	56	Harmon	VERB	V-	Aspect=Perf|Mood=Ind|Number=Sing|Person=3|Tense=Past|VerbForm=Fin|Voice=Act	Harmon	ROOT	56
11	57	:	SCONJ	Nb		:	nsubj	56
11	58	ὅτι	SCONJ	G-		ὅτι	mark	60
11	59	καὶ	ADV	Df		καί	advmod	60
11	60	MSS.	PUNCT	Z		MSS.	ccomp	56
11	61	ταύτης	ADJ	Pd	Case=Gen|Gender=Fem|Number=Sing	οὗτος	det	64
11	62	με	PRON	Pp	Case=Acc|Gender=Masc|Number=Sing|Person=1|PronType=Prs	ἐγώ	obj	61
11	63	τὸ	DET	S-	Case=Nom|Definite=Def|Gender=Neut|Number=Sing|PronType=Dem	ὁ	det	64
11	64	μέρος	NOUN	Nb	Case=Nom|Gender=Neut|Number=Sing	μέρος	nsubj	65
11	65	μιαρὸν	ADJ	A-	Case=Nom|Degree=Pos|Gender=Neut|Number=Sing	μιαρός	ROOT	65
11	66	Cαpps.	PUNCT	Z		Cαpps.	punct	65
11	67	ἀπήλασε	VERB	V-	Aspect=Perf|Mood=Ind|Number=Sing|Person=3|Tense=Past|VerbForm=Fin|Voice=Act	ἀπελαύνω	ROOT	67
11	68	καὶ	CCONJ	C-		καί	cc	67
11	69	γλῶτταν	NOUN	Nb	Case=Acc|Gender=Fem|Number=Sing	γλῶσσα	obj	70
11	70	ποιεῖ	VERB	V-	Mood=Ind|Number=Sing|Person=3|Tense=Pres|VerbForm=Fin|Voice=Act	ποιέω	conj	67
11	71	τὴν	DET	S-	Case=Acc|Definite=Def|Gender=Fem|Number=Sing|PronType=Dem	ὁ	det	72
11	72	γλῶσσαν	NOUN	Nb	Case=Acc|Gender=Fem|Number=Sing	γλῶσσα	obj	70
11	73	.	PUNCT	Z		.	punct	67
11	74	ὦ	INTJ	I-		ὦ	discourse	75
11	75	γλώσσης	NOUN	Nb	Case=Gen|Gender=Fem|Number=Sing	γλῶσσα	nmod	77
11	76	ἀληθῶς	ADV	Df	Degree=Pos	ἀληθῶς	advmod	77
11	77	νόσημα	NOUN	Nb	Case=Nom|Gender=Neut|Number=Sing	νόσημα	ROOT	77
11	78	Ταῦ	PROPN	Ne	Case=Nom|Gender=Neut|Number=Plur	Ταῦ	nsubj	77
11	79	.	PUNCT	Z		.	punct	77
11	80	ἀλλὰ	CCONJ	C-		ἀλλά	cc	81
11	81	μεταβήσομαι	VERB	V-	Mood=Ind|Number=Sing|Person=1|Tense=Fut|VerbForm=Fin|Voice=Mid	μεταβήσομαι	ROOT	81
11	82	πάλιν	ADV	Df		πάλιν	advmod	81
11	83	ἐπʼ	ADP	R-		ἐπί	case	84
11	84	ἐκεῖνο	ADJ	Pd	Case=Acc|Gender=Neut|Number=Sing	ἐκεῖνος	obl	81
11	85	καὶ	CCONJ	C-		καί	cc	81
11	86	τοῖς	DET	S-	Case=Dat|Definite=Def|Gender=Masc|Number=Plur|PronType=Dem	ὁ	det	87
11	87	ἀνθρώποις	NOUN	Nb	Case=Dat|Gender=Masc|Number=Plur	ἄνθρωπος	iobj	88
11	88	συναγορεύσω	VERB	V-	Mood=Ind|Number=Sing|Person=1|Tense=Fut|VerbForm=Fin|Voice=Act	συναγορεύω	conj	81
11	89	ὑπὲρ	ADP	R-		ὑπέρ	case	90
11	90	ὧν	PRON	Pr	Case=Gen|Gender=Neut|Number=Plur|PronType=Rel	ὅς	obl	93
11	91	εἰς	ADP	R-		εἰς	case	92
11	92	αὐτοὺς	PRON	Pp	Case=Acc|Gender=Masc|Number=Plur|Person=3|PronType=Prs	αὐτός	obl	93
11	93	πλημμελεῖ	VERB	V-	Mood=Ind|Number=Sing|Person=3|Tense=Pres|VerbForm=Fin|Voice=Act	πλημμελέω	advcl	88
11	94	·	PUNCT	Z		·	punct	81
11	95	δεσμοῖς	NOUN	Nb	Case=Dat|Gender=Masc|Number=Plur	δεσμός	obl	104
11	96	γάρ	ADV	Df		γάρ	discourse	104
11	97	τισι	DET	Px	Case=Dat|Gender=Masc|Number=Plur	τις	det	95
11	98	στρεβλοῦν	VERB	V-	Tense=Pres|VerbForm=Inf|Voice=Act	στρεβλόω	xcomp	104
11	99	καὶ	CCONJ	C-		καί	cc	98
11	100	σπαράττειν	VERB	V-	Tense=Pres|VerbForm=Inf|Voice=Act	σπαράσσω	conj	98
11	101	αὐτῶν	PRON	Pp	Case=Gen|Gender=Masc|Number=Plur|Person=3|PronType=Prs	αὐτός	det	103
11	102	τὴν	DET	S-	Case=Acc|Definite=Def|Gender=Fem|Number=Sing|PronType=Dem	ὁ	det	103
11	103	φωνὴν	NOUN	Nb	Case=Acc|Gender=Fem|Number=Sing	φωνή	obj	98
11	104	ἐπιχειρεῖ	VERB	V-	Mood=Ind|Number=Sing|Person=3|Tense=Pres|VerbForm=Fin|Voice=Mid	ἐπιχειρέω	ROOT	104
11	105	.	PUNCT	Z		.	punct	104
11	106	καὶ	CCONJ	C-		καί	cc	115
11	107	ὁ	PRON	Pp	Case=Nom|Gender=Masc|Number=Sing|Person=3|PronType=Prs	ὁ	nsubj	115
11	108	μέν	ADV	Df		μέν	discourse	115
11	109	τι	DET	Px	Case=Acc|Gender=Neut|Number=Sing	τίς	det	110
11	110	καλὸν	ADJ	A-	Case=Acc|Degree=Pos|Gender=Neut|Number=Sing	καλός	obj	111
11	111	ἰδὼν	VERB	V-	Aspect=Perf|Case=Nom|Gender=Masc|Number=Sing|Tense=Past|VerbForm=Part|Voice=Act	ὁράω	advcl	115
11	112	καλὸν	ADJ	A-	Case=Acc|Degree=Pos|Gender=Neut|Number=Sing	καλός	obj	111
11	113	εἰπεῖν	VERB	V-	Aspect=Perf|Tense=Past|VerbForm=Inf|Voice=Act	λέγω	xcomp	115
11	114	αὐτὸ	PRON	Pp	Case=Acc|Gender=Neut|Number=Sing|Person=3|PronType=Prs	αὐτός	obj	113
11	115	βούλεται	VERB	V-	Mood=Ind|Number=Sing|Person=3|Tense=Pres|VerbForm=Fin|Voice=Mid	βούλομαι	ROOT	115
11	116	,	PUNCT	Z		,	punct	115
11	117	τὸ	DET	S-	Case=Acc|Definite=Def|Gender=Neut|Number=Sing|PronType=Dem	ὁ	det	120
11	118	δὲ	ADV	Df		δέ	discourse	123
11	119	παρεισπεσὸν	VERB	V-	Aspect=Perf|Case=Nom|Gender=Neut|Number=Sing|Tense=Past|VerbForm=Part|Voice=Act	παρεισπεσός	advcl	123
11	120	ταλὸν	ADJ	A-	Case=Acc|Degree=Pos|Gender=Neut|Number=Sing	ταλός	obj	119
11	121	εἰπεῖν	VERB	V-	Aspect=Perf|Tense=Past|VerbForm=Inf|Voice=Act	λέγω	xcomp	119
11	122	αὐτοὺς	PRON	Pp	Case=Acc|Gender=Masc|Number=Plur|Person=3|PronType=Prs	αὐτός	nsubj	121
11	123	ἀναγκάζει	VERB	V-	Mood=Ind|Number=Sing|Person=3|Tense=Pres|VerbForm=Fin|Voice=Act	ἀναγκάζω	ROOT	123
11	124	ἐν	ADP	R-		ἐν	case	125
11	125	ἅπασι	ADJ	A-	Case=Dat|Degree=Pos|Gender=Neut|Number=Plur	ἅπας	obl	128
11	126	προεδρίαν	NOUN	Nb	Case=Acc|Gender=Fem|Number=Sing	προεδρία	obj	127
11	127	ἔχειν	VERB	V-	Tense=Pres|VerbForm=Inf|Voice=Act	ἔχω	xcomp	128
11	128	ἀξιοῦν	VERB	V-	Tense=Pres|VerbForm=Inf|Voice=Act	ἀξιόω	dep	123
11	129	·	PUNCT	Z		·	punct	123
11	130	πάλιν	ADV	Df		πάλιν	advmod	134
11	131	ἕτερος	ADJ	A-	Case=Nom|Degree=Pos|Gender=Masc|Number=Sing	ἕτερος	nsubj	134
11	132	περὶ	ADP	R-		περί	case	133
11	133	κλήματος	NOUN	Nb	Case=Gen|Gender=Neut|Number=Sing	κλήμας	obl	134
11	134	διαλέγεται	VERB	V-	Mood=Ind|Number=Sing|Person=3|Tense=Pres|VerbForm=Fin|Voice=Mid	διαλέγομαι	ROOT	134
11	135	,	PUNCT	Z		,	punct	134
11	136	τὸ	PRON	Pp	Case=Nom|Gender=Neut|Number=Sing|Person=3|PronType=Prs	ὁ	nsubj	145
11	137	δὲ	ADV	Df		δέ	discourse	138
11	138	—	SCONJ	Pr		—	advmod	139
11	139	τλῆμον	ADJ	Nb	Case=Nom|Degree=Pos|Gender=Neut|Number=Sing	τλήμων	advcl	145
11	140	γάρ	ADV	Df		γάρ	discourse	139
11	141	ἐστιν	AUX	V-	Mood=Ind|Number=Sing|Person=3|Tense=Pres|VerbForm=Fin|Voice=Act	εἰμί	cop	139
11	142	ἀληθῶς	ADV	Df	Degree=Pos	ἀληθῶς	advmod	139
11	143	—	PUNCT	G-		—	cc	139
11	144	τλῆμα	NOUN	Nb	Case=Acc|Gender=Neut|Number=Sing	τλῆμα	obj	145
11	145	πεποίηκε	VERB	V-	Aspect=Perf|Mood=Ind|Number=Sing|Person=3|Tense=Past|VerbForm=Fin|Voice=Act	ποιέω	ROOT	145
11	146	τὸ	DET	S-	Case=Acc|Definite=Def|Gender=Neut|Number=Sing|PronType=Dem	ὁ	det	147
11	147	κλῆμα	NOUN	Nb	Case=Acc|Gender=Neut|Number=Sing	κλῆμα	obj	145
11	148	.	PUNCT	Z		.	punct	145
11	149	καὶ	CCONJ	C-		καί	cc	155
11	150	οὐ	ADV	Df	Polarity=Neg	οὐ	advmod	151
11	151	μόνον	ADJ	A-	Case=Acc|Degree=Pos|Gender=Neut|Number=Sing	μόνος	advmod	155
11	152	γε	ADV	Df		γε	discourse	155
11	153	τοὺς	DET	S-	Case=Acc|Definite=Def|Gender=Masc|Number=Plur|PronType=Dem	ὁ	det	154
11	154	τυχόντας	ADJ	A-	Case=Acc|Degree=Pos|Gender=Masc|Number=Plur	τυγχάνω	obj	155
11	155	ἀδικεῖ	VERB	V-	Mood=Ind|Number=Sing|Person=3|Tense=Pres|VerbForm=Fin|Voice=Act	ἀδικέω	ROOT	155
11	156	,	PUNCT	Z		,	appos	154
11	157	ἀλλʼ	CCONJ	C-		ἀλλά	ROOT	157
11	158	ἤδη	ADV	Df		ἤδη	amod	162
11	159	καὶ	ADV	Df		καί	advmod	162
11	160	τῷ	DET	S-	Case=Dat|Definite=Def|Gender=Masc|Number=Sing|PronType=Dem	ὁ	det	162
11	161	μεγάλῳ	ADJ	A-	Case=Dat|Degree=Pos|Gender=Masc|Number=Sing	μέγας	amod	162
11	162	βασιλεῖ	NOUN	Nb	Case=Dat|Gender=Masc|Number=Sing	βασιλεύς	ROOT	162
11	163	,	PUNCT	Z		,	appos	162
11	164	ᾧ	PRON	Pr	Case=Dat|Gender=Masc|Number=Sing|PronType=Rel	ὅς	iobj	170
11	165	καὶ	CCONJ	C-		καί	cc	166
11	166	γῆν	NOUN	Nb	Case=Acc|Gender=Fem|Number=Sing	γῆ	obj	169
11	167	καὶ	CCONJ	C-		καί	cc	166
11	168	θάλασσαν	NOUN	Nb	Case=Acc|Gender=Fem|Number=Sing	θάλασσα	conj	166
11	169	εἶξαί	VERB	V-	Aspect=Perf|Tense=Past|VerbForm=Inf|Voice=Act	εἴκω	ccomp	170
11	170	φασι	VERB	V-	Mood=Ind|Number=Plur|Person=3|Tense=Pres|VerbForm=Fin|Voice=Act	φημί	acl	163
11	171	καὶ	CCONJ	C-		καί	cc	164
11	172	τῆς	DET	S-	Case=Gen|Definite=Def|Gender=Fem|Number=Sing|PronType=Dem	ὁ	det	174
11	173	αὑτῶν	PRON	Pp	Case=Gen|Gender=Masc|Number=Plur|Person=3|PronType=Prs	αὐτός	det	174
11	174	φύσεως	NOUN	Nb	Case=Gen|Gender=Fem|Number=Sing	φύσις	iobj	175
11	175	ἐκστῆναι	VERB	V-	Aspect=Perf|Tense=Past|VerbForm=Inf|Voice=Act	ἐξίστημι	conj	170
11	176	,	PUNCT	Z		,	punct	162
11	177	τὸ	PRON	Pp	Case=Nom|Gender=Neut|Number=Sing|Person=3|PronType=Prs	ὁ	nsubj	181
11	178	δὲ	ADV	Df		δέ	discourse	181
11	179	καὶ	CCONJ	C-		καί	cc	181
11	180	τούτῳ	ADJ	Pd	Case=Dat|Gender=Masc|Number=Sing	οὗτος	iobj	181
11	181	ἐπιβουλεύει	VERB	V-	Mood=Ind|Number=Sing|Person=3|Tense=Pres|VerbForm=Fin|Voice=Act	ἐπιβουλεύω	acl	162
11	182	καὶ	CCONJ	C-		καί	cc	181
11	183	Κῦρον	PROPN	Ne	Case=Acc|Gender=Masc|Number=Sing	Κῦρος	obj	188
11	184	αὐτὸν	DET	Pd	Case=Acc|Gender=Masc|Number=Sing	αὐτός	det	183
11	185	ὄντα	AUX	V-	Case=Acc|Gender=Masc|Number=Sing|Tense=Pres|VerbForm=Part|Voice=Act	εἰμί	cop	186
11	186	Τῦρόν	PROPN	Ne	Case=Acc|Gender=Masc|Number=Sing	Τῦρος	xcomp	188
11	187	τινα	DET	Px	Case=Acc|Gender=Fem,Masc|Number=Sing	τίς	det	186
11	188	ἀπέφηνεν	VERB	V-	Aspect=Perf|Mood=Ind|Number=Sing|Person=3|Tense=Past|VerbForm=Fin|Voice=Act	ἀποφαίνω	conj	181
11	189	.	PUNCT	Z		.	punct	162
12	0	 	CCONJ	V-		 	case	4
12	1	οὕτω	ADV	Df		οὕτως	advmod	8
12	2	μὲν	ADV	Df		μέν	discourse	8
12	3	οὖν	ADV	Df		οὖν	discourse	8
12	4	ὅσον	PRON	Pr	Case=Nom|Gender=Neut|Number=Sing|PronType=Rel	ὅσος	obl	8
12	5	ἐς	ADP	R-		εἰς	case	6
12	6	φωνὴν	NOUN	Nb	Case=Acc|Gender=Fem|Number=Sing	φωνή	nmod	4
12	7	ἀνθρώπους	NOUN	Nb	Case=Acc|Gender=Masc|Number=Plur	ἄνθρωπος	obj	8
12	8	ἀδικεῖ	VERB	V-	Mood=Ind|Number=Sing|Person=3|Tense=Pres|VerbForm=Fin|Voice=Act	ἀδικέω	ROOT	8
12	9	·	PUNCT	Z		·	punct	8
12	10	ἔργῳ	NOUN	Nb	Case=Dat|Gender=Neut|Number=Sing	ἔργον	obl	12
12	11	δὲ	ADV	Df		δέ	discourse	10
12	12	πῶς	ADV	Du	PronType=Int	πῶς	ROOT	12
12	13	;	PUNCT	Z		;	punct	12
12	14	κλάουσιν	VERB	V-	Mood=Ind|Number=Plur|Person=3|Tense=Pres|VerbForm=Fin|Voice=Act	κλάω	ROOT	14
12	15	ἄνθρωποι	NOUN	Nb	Case=Nom|Gender=Masc|Number=Plur	ἄνθρωπος	nsubj	14
12	16	καὶ	CCONJ	C-		καί	cc	14
12	17	τὴν	DET	S-	Case=Acc|Definite=Def|Gender=Fem|Number=Sing|PronType=Dem	ὁ	det	19
12	18	αὑτῶν	PRON	Pp	Case=Gen|Gender=Masc|Number=Plur|Person=3|PronType=Prs	αὐτός	det	19
12	19	τύχην	NOUN	Nb	Case=Acc|Gender=Fem|Number=Sing	τύχη	obj	20
12	20	ὀδύρονται	VERB	V-	Mood=Ind|Number=Plur|Person=3|Tense=Pres|VerbForm=Fin|Voice=Mid	ὀδύρομαι	conj	14
12	21	καὶ	CCONJ	C-		καί	cc	14
12	22	Κάδμῳ	PROPN	Ne	Case=Dat|Gender=Masc|Number=Sing	Κάδμος	iobj	23
12	23	καταρῶνται	VERB	V-	Mood=Ind|Number=Plur|Person=3|Tense=Pres|VerbForm=Fin|Voice=Mid	καταράομαι	conj	14
12	24	πολλάκις	ADV	Df		πολλάκις	advmod	23
12	25	,	PUNCT	Z		,	punct	14
12	26	ὅτι	SCONJ	G-		ὅτι	mark	34
12	27	τὸ	DET	S-	Case=Nom|Definite=Def|Gender=Neut|Number=Sing|PronType=Dem	ὁ	det	28
12	28	Ταῦ	NOUN	Ne		Ταῦ	nsubj	34
12	29	ἐς	ADP	R-		εἰς	case	33
12	30	τὸ	DET	S-	Case=Acc|Definite=Def|Gender=Neut|Number=Sing|PronType=Dem	ὁ	det	33
12	31	τῶν	DET	S-	Case=Gen|Definite=Def|Number=Plur|PronType=Dem	ὁ	det	32
12	32	στοιχείων	NOUN	Nb	Case=Gen|Gender=Neut|Number=Plur	στοιχεῖον	nmod	33
12	33	γένος	NOUN	Nb	Case=Acc|Gender=Neut|Number=Sing	γένος	obl	34
12	34	παρήγαγε	VERB	V-	Aspect=Perf|Mood=Ind|Number=Sing|Person=3|Tense=Past|VerbForm=Fin|Voice=Act	παράγω	ROOT	34
12	35	·	PUNCT	Z		·	punct	34
12	36	τῷ	DET	S-	Case=Dat|Definite=Def|Gender=Neut|Number=Sing|PronType=Dem	ὁ	det	40
12	37	γὰρ	ADV	Df		γάρ	discourse	40
12	38	τούτου	DET	Pd	Case=Gen|Gender=Masc|Number=Sing	οὗτος	det	39
12	39	σώματί	NOUN	Nb	Case=Dat|Gender=Neut|Number=Sing	σῶμα	obj	55
12	40	φασι	VERB	V-	Mood=Ind|Number=Plur|Person=3|Tense=Pres|VerbForm=Fin|Voice=Act	φημί	ROOT	40
12	41	τοὺς	DET	S-	Case=Acc|Definite=Def|Gender=Masc|Number=Plur|PronType=Dem	ὁ	det	42
12	42	τυράννους	NOUN	Nb	Case=Acc|Gender=Masc|Number=Plur	τύραννος	nsubj	55
12	43	ἀκολουθήσαντας	VERB	V-	Aspect=Perf|Case=Acc|Gender=Masc|Number=Plur|Tense=Past|VerbForm=Part|Voice=Act	ἀκολουθήσαομαι	advcl	55
12	44	καὶ	CCONJ	C-		καί	cc	43
12	45	μιμησαμένους	VERB	V-	Aspect=Perf|Case=Acc|Gender=Masc|Number=Plur|Tense=Past|VerbForm=Part|Voice=Mid	μιμησαμένος	conj	43
12	46	αὐτοῦ	PRON	Pp	Case=Gen|Gender=Masc|Number=Sing|Person=3|PronType=Prs	αὐτός	det	48
12	47	τὸ	DET	S-	Case=Acc|Definite=Def|Gender=Neut|Number=Sing|PronType=Dem	ὁ	det	48
12	48	πλάσμα	NOUN	Nb	Case=Acc|Gender=Neut|Number=Sing	πλάσμα	obj	45
12	49	ἔπειτα	ADV	Df		ἔπειτα	advmod	53
12	50	σχήματι	NOUN	Nb	Case=Dat|Gender=Neut|Number=Sing	σχῆμα	obl	53
12	51	τοιούτῳ	DET	Pd	Case=Dat|Gender=Masc,Neut|Number=Sing	τοιοῦτος	det	50
12	52	ξύλα	NOUN	Nb	Case=Acc|Gender=Neut|Number=Plur	ξύλον	obj	53
12	53	τεκτήναντας	VERB	V-	Aspect=Perf|Case=Acc|Gender=Masc|Number=Plur|Tense=Past|VerbForm=Part|Voice=Act	τεκτήναντας	advcl	55
12	54	ἀνθρώπους	NOUN	Nb	Case=Acc|Gender=Masc|Number=Plur	ἄνθρωπος	obj	55
12	55	ἀνασκολοπίζειν	VERB	V-	Tense=Pres|VerbForm=Inf|Voice=Act	ἀνασκολοπίζω	ccomp	40
12	56	ἐπʼ	ADP	R-		ἐπί	case	57
12	57	αὐτά	PRON	Pp	Case=Acc|Gender=Neut|Number=Plur|Person=3|PronType=Prs	αὐτός	obl	55
12	58	·	PUNCT	Z		·	punct	40
12	59	ἀπὸ	ADP	R-		ἀπό	case	62
12	60	δὲ	ADV	Df		δέ	discourse	61
12	61	δὲ	ADV	Df		δέ	ROOT	61
12	62	Harmon	NOUN	S-	Case=Gen|Gender=Fem|Number=Sing	Harmon	obl	61
12	63	:	SCONJ	G-		:	punct	61
12	64	δὴ	ADV	Df		δή	ROOT	64
12	65	MSS.	PUNCT	Z		MSS.	ROOT	65
12	66	τούτου	ADJ	Pd	Case=Gen|Gender=Neut|Number=Sing	οὗτος	nmod	69
12	67	καὶ	ADV	Df		καί	advmod	69
12	68	τῷ	DET	S-	Case=Dat|Definite=Def|Gender=Neut|Number=Sing|PronType=Dem	ὁ	det	69
12	69	τεχνήματι	NOUN	Nb	Case=Dat|Gender=Neut|Number=Sing	τεχνήμα	obl	75
12	70	τῷ	DET	S-	Case=Dat|Definite=Def|Gender=Masc,Neut|Number=Sing|PronType=Dem	ὁ	det	71
12	71	πονηρῷ	ADJ	A-	Case=Dat|Degree=Pos|Gender=Masc,Neut|Number=Sing	πονηρός	nmod	69
12	72	τὴν	DET	S-	Case=Acc|Definite=Def|Gender=Fem|Number=Sing|PronType=Dem	ὁ	det	74
12	73	πονηρὰν	ADJ	A-	Case=Acc|Degree=Pos|Gender=Fem|Number=Sing	πονηρός	amod	74
12	74	ἐπωνυμίαν	NOUN	Nb	Case=Acc|Gender=Fem|Number=Sing	ἐπωνυμία	nsubj	75
12	75	συνελθεῖν	VERB	V-	Aspect=Perf|Tense=Past|VerbForm=Inf|Voice=Act	συνέρχομαι	ROOT	75
12	76	.	PUNCT	Z		.	punct	75
12	77	τούτων	ADJ	Pd	Case=Gen|Gender=Neut|Number=Plur	οὗτος	obl	87
12	78	οὖν	ADV	Df		οὖν	discourse	87
12	79	ἁπάντων	ADJ	A-	Case=Gen|Degree=Pos|Gender=Neut|Number=Plur	ἅπας	dep	87
12	80	ἕνεκα	ADP	R-		ἕνεκα	case	77
12	81	πόσων	PRON	Pi	Case=Gen|Gender=Fem|Number=Plur|PronType=Int	πόσος	det	82
12	82	θανάτων	NOUN	Nb	Case=Gen|Gender=Masc|Number=Plur	θάνατος	iobj	87
12	83	τὸ	DET	S-	Case=Acc|Definite=Def|Gender=Neut|Number=Sing|PronType=Dem	ὁ	det	84
12	84	Ταῦ	NOUN	Ne		Ταῦ	obj	87
12	85	ἄξιον	ADJ	A-	Case=Acc|Degree=Pos|Gender=Neut|Number=Sing	ἄξιος	ccomp	87
12	86	εἶναι	AUX	V-	Tense=Pres|VerbForm=Inf|Voice=Act	εἰμί	cop	85
12	87	νομίζετε	VERB	V-	Mood=Ind|Number=Plur|Person=2|Tense=Pres|VerbForm=Fin|Voice=Act	νομίζω	ROOT	87
12	88	;	PUNCT	Z		;	punct	87
12	89	ἐγὼ	PRON	Pp	Case=Nom|Gender=Masc|Number=Sing|Person=1|PronType=Prs	ἐγώ	nsubj	92
12	90	μὲν	ADV	Df		μέν	discourse	92
12	91	γὰρ	ADV	Df		γάρ	discourse	92
12	92	οἶμαι	VERB	V-	Mood=Ind|Number=Sing|Person=1|Tense=Pres|VerbForm=Fin|Voice=Act	οἴομαι	ROOT	92
12	93	δικαίως	ADV	Df	Degree=Pos	δικαίως	advmod	101
12	94	τοῦτο	ADJ	Pd	Case=Acc|Gender=Neut|Number=Sing	οὗτος	nsubj:pass	101
12	95	μόνον	ADJ	A-	Case=Acc|Degree=Pos|Gender=Neut|Number=Sing	μόνος	advmod	94
12	96	ἐς	ADP	R-		εἰς	case	100
12	97	τὴν	DET	S-	Case=Acc|Definite=Def|Gender=Fem|Number=Sing|PronType=Dem	ὁ	det	100
12	98	τοῦ	DET	S-	Case=Gen|Definite=Def|Gender=Neut|Number=Sing|PronType=Dem	ὁ	det	99
12	99	Ταῦ	PROPN	Ne	Case=Gen|Gender=Neut|Number=Sing	Ταῦς	nmod	100
12	100	τιμωρίαν	NOUN	Nb	Case=Acc|Gender=Fem|Number=Sing	τιμωρία	obl	101
12	101	ὑπολείπεσθαι	VERB	V-	Tense=Pres|VerbForm=Inf|Voice=Pass	ὑπολείπω	ccomp	92
12	102	,	PUNCT	Z		,	punct	92
12	103	τὸ	DET	S-	Case=Acc|Definite=Def|Gender=Neut|Number=Sing|PronType=Dem	ὁ	det	110
12	104	τῷ	DET	S-	Case=Dat|Definite=Def|Gender=Neut|Number=Sing|PronType=Dem	ὁ	det	105
12	105	σχήματι	NOUN	Nb	Case=Dat|Gender=Neut|Number=Sing	σχῆμα	obl	110
12	106	τῷ	DET	S-	Case=Dat|Definite=Def|Gender=Masc,Neut|Number=Sing|PronType=Dem	ὁ	det	105
12	107	αὑτοῦ	PRON	Pp	Case=Gen|Gender=Masc|Number=Sing|Person=3|PronType=Prs	ἑαυτοῦ	det	105
12	108	τὴν	DET	S-	Case=Acc|Definite=Def|Gender=Fem|Number=Sing|PronType=Dem	ὁ	det	109
12	109	δίκην	NOUN	Nb	Case=Acc|Gender=Fem|Number=Sing	δίκη	obj	110
12	110	ὑποσχεῖν	VERB	V-	Aspect=Perf|Tense=Past|VerbForm=Inf|Voice=Act	ὑπέχω	ROOT	110
12	111	.	PUNCT	Z		.	punct	110
12	112	ὑποσχεῖν	VERB	V-	Aspect=Perf|Tense=Past|VerbForm=Inf|Voice=Act	ὑπέχω	ROOT	112
12	113	MSS.	PUNCT	Z		MSS.	punct	112
12	114	add	ADJ	Nb	Case=Acc|Gender=Neut|Number=Sing	add	obj	115
12	115	ὑποσχεῖν	VERB	V-	Aspect=Perf|Tense=Past|VerbForm=Inf|Voice=Act	ὑπέχω	ROOT	115
12	116	,	PUNCT	Z		,	punct	115
12	117	ὃ	DET	S-	Case=Nom|Definite=Def|Gender=Masc|Number=Sing|PronType=Dem	ὁ	det	119
12	118	δὴ	ADV	Df		δή	discourse	119
12	119	σταυρὸς	NOUN	Nb	Case=Nom|Gender=Masc|Number=Sing	σταυρός	nsubj	125
12	120	εἶναι	AUX	V-	Tense=Pres|VerbForm=Inf|Voice=Act	εἰμί	cop	119
12	121	ὁπὸ	ADV	Pr	PronType=Rel	ὁπὸ	advmod	124
12	122	τούτου	ADJ	Pd	Case=Gen|Gender=Neut|Number=Sing	οὗτος	obl	124
12	123	μὲν	ADV	Df		μέν	discourse	124
12	124	ἐδηαιουργήθη	VERB	V-	Aspect=Perf|Mood=Ind|Number=Sing|Person=3|Tense=Past|VerbForm=Fin|Voice=Pass	ἐδηαιουργέω	acl	120
12	125	,	PUNCT	Z		,	ROOT	125
12	126	ὑπὸ	ADP	R-		ὑπό	dep	129
12	127	δὲ	ADV	Df		δέ	discourse	129
12	128	ἀνθρώπων	NOUN	Nb	Case=Gen|Gender=Masc|Number=Plur	ἄνθρωπος	obl	129
12	129	ὀνομάζεται	VERB	V-	Mood=Ind|Number=Sing|Person=3|Tense=Pres|VerbForm=Fin|Voice=Pass	ὀνομάζω	conj	125
12	130	,	PUNCT	Z		,	punct	125
12	131	excisel	CCONJ	C-		excisel	ROOT	131
12	132	by	ADV	Df		by	ccomp	131
12	133	Sommnerbrodt.	PUNCT	Z		Sommnerbrodt.	punct	131
